Doctor Name,Specialty,Department,Location
Dr. Amani  Yazbek,Consultant,Gastroenterology,KIMSHEALTH Hospital Umm Al Hassam
Dr. Aamed  Al Araimi,Consultant,General Surgery Colorectal General and Laparoscopic,KIMSHEALTH Hospital Oman
Dr. Aayat Kadhem Hasan Abdulla Husain,General Practitioner,Emergency Medicine,KIMSHEALTH Hospital Umm Al Hassam
Dr. Abbasali Hussein Dungersi,General Practitioner,Emergency,KIMSHEALTH Hospital Oman
Dr. Abdallah Badie Azeez Nazzal,Consultant,Anesthesiology,Royal Bahrain Hospital
Dr. Abdul Basith V,Dermatologist,Dermatology & Cosmetology,KIMSHEALTH Alshifa
Dr. Abdul Shameer C K,Consultant Orthodontist,"Dental, Clinical, Oral & Maxillofacial Surgery",KIMSHEALTH Trivandrum
Dr. Abdulaziz Salim Hilal Al Azri,Consultant- ENT / Rhinol…,"Ear, Nose and Throat",KIMSHEALTH Hospital Oman
Dr Abdulhakeem  Yusuf,Specialist,Aviation & Aerospace Medicine,KIMSHEALTH Medical Center Muharraq
Dr. Abdulla  Khaleel,Consultant Orthopedic & …,Orthopaedics,KIMSHEALTH Al-Shifa
Dr. Abdulnabi  Al Saif,Consultant,Pediatrics,Royal Bahrain Hospital
Dr. Abdulrazak  Alfadli,Consultant,General Surgery,KIMSHEALTH Hospital Oman
Dr. Abitha  Aliyar,Associate Consultant,Rheumatology,KIMSHEALTH Trivandrum
Dr Abitha  Aliyar,Associate Consultant,Rheumatology,KIMSHEALTH Kollam
Dr. Abouzar Ramezani Farkhani,General Practitioner,General Practitioner,KIMSHEALTH Hospital Oman
Dr Abu  Madan,Hon. Consultant,Neurosurgery,KIMSHEALTH Trivandrum
Dr. Abubaker  Bendalla,Consultant,Urology,KIMSHEALTH Hospital Umm Al Hassam
Dr. Abubaker  Bendalla,Consultant,Urology,KIMSHEALTH Medical Center Muharraq
Dr. Abuelgasim Fadlalla Araki Elimam,General Practitioner,General Practitioner,KIMSHEALTH Medical Complex Duqm
Dr. Adel  Al Jishi,Consultant,Neurology,Royal Bahrain Hospital
Dr. Adhil  M,Paediatrician,Pediatrics,KIMSHEALTH Alshifa
Dr. Adithya  Vishnu,Specialist,Anesthesiology,Royal Bahrain Hospital
Dr. Ahammed Azhar N T,Consultant Physician,General Medicine,KIMSHEALTH Alshifa
Dr. Ahlam Abbas Ali,Specialist,Anesthesiology,Royal Bahrain Hospital
Dr. Ahmed  Behery,Consultant,Pediatrics,RBH Medical Center
Dr. Ahmed  Mordi,Consultant,Interventional Radiologist,Royal Bahrain Hospital
Dr. Ahmed  Behery,Consultant,Pediatrics,Royal Bahrain Hospital
Dr. Ahmed  Al-Darmaki,Consultant,Gastroenterology,KIMSHEALTH Hospital Oman
Dr. Ahmed  Kamel,Consultant,"Ears, Nose and Throat (ENT)",RBH Medical Center
Dr. Ahmed  Kamel,Consultant,"Ears, Nose and Throat (ENT)",Royal Bahrain Hospital
Dr. Ahmed  Hamouda,Specilaist,Cardiology,KIMSHEALTH Hospital Oman
Dr. Ahsan Al Lawati,Consultant,Endocrinology & Diabetes,KIMSHEALTH Hospital Oman
Dr Airind Mathai,General Surgeon,General & Laparoscopic Surgery,KIMSHEALTH Kottayam
Dr. Ajai Kumar Prithvi,Associate Consultant,Neonatology,KIMSHEALTH Trivandrum
Dr. Ajay  Kumar,Consultant Orthopaedic s…,Orthopaedics,KIMSHEALTH Al-Shifa
Dr. Ajay Kumar Kammath,Consultant,"Plastic, Reconstructive, Microvascular Surgery",KIMSHEALTH Kottayam
Dr. Ajay  Ravi,Consultant - Interventio…,Respiratory Medicine,KIMSHEALTH Trivandrum
Dr. Ajeesh  Sankaran,Hand & Microvascular Sur…,"Plastic, Reconstructive, Microvascular Surgery",KIMSHEALTH Al-Shifa
Dr. Ajilal  Sk,Microscopic Endodontist,"Dental, Clinical, Oral & Maxillofacial Surgery",KIMSHEALTH Trivandrum
Dr. Ajit Kumar Vk,Senior Consultant,Cardiology,KIMSHEALTH Trivandrum
Dr. Ajit Kumar Vk,Senior Consultant,Cardiology,KIMSHEALTH Trivandrum
Dr. Ajith  Prathap,ER Physician,Emergency Medicine Department,KIMSHEALTH Kollam
Dr Ajith  R,Sr Consultant and Coordi…,Neurosurgery,KIMSHEALTH Trivandrum
Dr. Ajith K Nair,Senior Consultant,Gastroenterology,KIMSHEALTH Trivandrum
Dr. Ajith K Nair,Senior Consultant,Gastroenterology,KIMSHEALTH Kollam
Dr. Akash  Sasidharan,Associate Consultant,General & Minimally Invasive Surgery,KIMSHEALTH Trivandrum
Dr Akhil  Krishna,Associate Consultant,Endocrinology & Diabetes,KIMSHEALTH Trivandrum
Dr. Akhil  Krishna,Associate Consultant,Endocrinology & Diabetes,KIMSHEALTH Kollam
Dr. Akku Sonny Jacob,Consultant,Dermatology,KIMSHEALTH Medical Center Muharraq
Dr. Akran  Zakria,Senior Specialist,Pediatric,KIMSHEALTH Hospital Oman
Dr Ala Mustafa Mohamed,Senior Specialist,Pediatric,KIMSHEALTH Hospital Oman
Dr. Aleena J B,Speech Therapist,Holistic Child Development Center,KIMSHEALTH Trivandrum
Dr. Alen  George,Specialist- Prosthodonti…,Prosthodontics,KIMSHEALTH Medical Center Qatar (Wakra)
Dr. Alex  Joy,General Practitioner,General Medicine,AL RASHIDIYAH PVT POLYCLINIC
Dr. Alireza  Nouralishahi,Specialist Ophthalmology,Opthalmology,KIMSHEALTH Hospital Oman
Dr. Alka Accamma Oommen,Medical Officer,Emergency Medicine Department,KIMSHEALTH Kottayam
Dr. Alka  Alex,Ophthalmologist,Ophthalmology,KIMSHEALTH Kollam
Dr. Almas  Aboobacker,Specialist,Physiotherapy,AL RASHIDIYAH PVT POLYCLINIC
Dr. Alok  Biyani,Consultant,Anesthesiology,Royal Bahrain Hospital
Dr. Alpay  Yilmaz,Consultant,Obstetrics and Gynecology Gynecological Oncology,Royal Bahrain Hospital
Dr. Alphonsa  Thomas,Senior Resident,ENT,KIMSHEALTH Kottayam
Dr. Amal  Abraham,Specialist,Psychiatry,KIMSHEALTH Hospital Umm Al Hassam
Dr. Ambreen  Khan,General Practitioner,General Practice,KIMSHEALTH Medical Center Qatar (Wakra)
Dr. Ameena  Shameer,General Practitioner,Dentistry,KIMSHEALTH Hospital Umm Al Hassam
Dr. Ameer  K A,Senior Consultant - Coor…,Respiratory Medicine,KIMSHEALTH Trivandrum
Dr Amina  Noushad,Specialist,OBG/Gynecology,KIMSHEALTH Alshifa
Dr. Amrita B Rao,"Associate Consultant, Pl…",Cancer Care,KIMSHEALTH Trivandrum
Dr. Amrita B Rao,Associate Consultant,Surgical Oncology,KIMSHEALTH Cancer Center
Dr. Amritha  V,Psychologist / Remedial …,Holistic Child Development Center,KIMSHEALTH Trivandrum
Dr Amru Ahmed Redha,Consultant,General Surgery Endocrinology & Diabetes General and Laparoscopic,KIMSHEALTH Hospital Oman
Dr. Anandakumar  M,Hon. Sr. Consultant,Gastrointestinal Surgery,KIMSHEALTH Trivandrum
Dr. Ancy R S,Registrar,Ophthalmology,KIMSHEALTH Trivandrum
Dr. Anees  Sheriff,Specialist,Pathology,Royal Bahrain Hospital
Dr. Anees Thajudeen,Senior Consultant - Card…,Electrophysiology,KIMSHEALTH Trivandrum
Dr. Aneesh  Bava,Specialist,Dermatology & Cosmetology,KIMSHEALTH Hospital Umm Al Hassam
Ms. Angel  Sr,Occupational Therapist,Holistic Child Development Center,KIMSHEALTH Trivandrum
Dr. Anil  Mathew,Consultant,Internal Medicine,KIMSHEALTH Kottayam
Dr. Anil Radhakrishnan Pillai,Consultant,Anesthesiology,KIMSHEALTH Trivandrum
Dr. Anila  Punchiry,Registrar,Radiodiagnosis & Imaging service,KIMSHEALTH Kollam
Dr. Anirudhmaadhav P A,Pediatric Dentist,"Dental, Clinical, Oral & Maxillofacial Surgery",KIMSHEALTH Trivandrum
Dr. Anish Kumar R P,Consultant,Internal Medicine,KIMSHEALTH Trivandrum
Dr. Anish Bava Salim,Consultant,Laryngology,KIMSHEALTH Trivandrum
Ms. Anju  Carmel,Counsellor / Remedial Ed…,Holistic Child Development Center,KIMSHEALTH Trivandrum
Dr. Anjurani  Siddesh,Specialist,Obstetrics & Gynecology,AL RASHIDIYAH PVT POLYCLINIC
Dr. Annamma Abraham,Sr. Consultant,Obstetrics & Gynecology,KIMSHEALTH Kottayam
Dr. Anojan  Sivathasan,General Paracitioner,General Practitioner,KIMSHEALTH Medical Center Al Khuwair
Dr. Anumol  Binoy,Physiotherapist,Physiotherapy,KIMSHEALTH Hospital Oman
Dr. Anup  Abdulla,Specialist,Internal Medicine,KIMSHEALTH Medical Center Muharraq
Dr. Anup  Varghese,Specialist ( Orthodontic…,Dentistry,Royal Bahrain Hospital
Dr. Anup  Varghese,Specialist ( Orthodontic…,Orthodontics,Royal Bahrain Hospital
Dr. Anup  Varghese,Specialist ( Orthodontic…,Orthodontics,RBH Medical Center
Dr. Anup  Varghese,Specialist ( Orthodontic…,Endodontist and Conservative Dentistry,Royal Bahrain Hospital
Dr. Anwaar M Ahmed,Specialist,Orthopedics,KIMSHEALTH Medical Center
Dr. Anz  Ashly,Senior Registrar - Criti…,Critical Care,KIMSHEALTH Alshifa
Dr. Aparna R Pillai,Medical Officer,Emergency Medicine Department,KIMSHEALTH Kottayam
Dr. Appu G Pillai,Specialist,Orthopedics,KIMSHEALTH Kollam
Dr. Aravind  Thampi,Coordinator & Sr. Consul…,Psychology & Corporate Wellness,KIMSHEALTH Trivandrum
Dr. Archana  Karnati,Specialist,Ophthalmology,KIMSHEALTH Medical Center
Dr. Arjun A Anadiyil,Anaesthesiologist,Anaesthesiology,KIMSHEALTH Kottayam
Dr. Arjun  Athmaram,Consultant,General & Laparoscopic Surgery,KIMSHEALTH Kollam
Dr. Arthur M Lanticse,GP,General Medicine,KIMSHEALTH Medical Center Barwa
Dr. Arun Babu Joseph,Neuro Surgeon,Neuro Surgery,KIMSHEALTH Al-Shifa
Dr. Arun  V,Associate Consultant,Medical Oncology,KIMSHEALTH Cancer Center
Dr Arun  P,Associate Consultant,Gastroenterology,KIMSHEALTH Trivandrum
Dr. Arun  Sadasivan,Senior Periodontist,"Dental, Clinical, Oral & Maxillofacial Surgery",KIMSHEALTH Trivandrum
Dr. Arun Raj S T,Consultant,Cancer Care,KIMSHEALTH Trivandrum
Dr. Arun Raj St,Consultant,Nuclear Medicine,KIMSHEALTH Cancer Center
Dr. Arun R A,Anesthesiologist,Anaesthesiology,KIMSHEALTH Kottayam
Dr Arun  Sadsivan,Specialist,"Dental, Clinical, Oral & Maxillofacial Surgery",KIMSHEALTH Kollam
Dr. Arun  Pazhayampally,Medical Officer,Emergency Medicine Department,KIMSHEALTH Kottayam
Dr. Arun  V,Associate Consultant,Medical Oncology,KIMSHEALTH Trivandrum
Dr. Arun P S,Consultant,Neurosurgery,KIMSHEALTH Trivandrum
Dr. Arunbabu  Panackal,Specialist,Urology,KIMSHEALTH Hospital Oman
Dr. Asfiya  Ansari,Physiotherapist,Physiotherapy,KIMSHEALTH Hospital Oman
Dr. Asgar,Senior Consultant,Ophthalmology,KIMSHEALTH Trivandrum
Dr. Asha Zacharia,Consultant,Dermatology & Cosmetology,KIMSHEALTH Trivandrum
Dr. Ashish Pramod Sanghavi,Specialist,Orthopedic,KIMSHEALTH Hospital Oman
Dr. Ashish  Kalra,Consultant,General Surgery,KIMSHEALTH Medical Center Umm Al Hassam
Dr. Ashok  V P,Consultant,Neurology,KIMSHEALTH Trivandrum
Dr. Ashok  Thomas,Specialist,Dermatology,KIMSHEALTH Hospital Oman
Dr. Ashraf  Atrash,Consultant,Anesthesiology,Royal Bahrain Hospital
Dr. Ashraf Ali A,Hon. Sr. Consultant,Psychiatry & Behavioral Medicine,KIMSHEALTH Trivandrum
Dr. Ashwin V Nair,Associate Consultant,Clinical Hematology and Bone Marrow Transplant,KIMSHEALTH Trivandrum
Dr. Ashwin  Haridas,Associate Consultant,Anesthesiology,KIMSHEALTH Trivandrum
Dr. Asifa  Nazar,Geriatrician,Geriatrics,KIMSHEALTH Alshifa
Dr. Asima  Khan,Consultant,High Risk Pregnancy & Fetal Medicine,KIMSHEALTH Trivandrum
Dr. Asok Kumar G M,Senior Consultant,Pediatric Surgery,KIMSHEALTH Trivandrum
Dr. Aswathy  Ravikumar,Associate Consultant,Pediatric Surgery,KIMSHEALTH Trivandrum
Dr. Aswathy  Thazhakottuvalappil,Consultant,Respiratory Medicine,KIMSHEALTH Trivandrum
Ms. Aswathy  Chandran,Behavioral Therapist / R…,Holistic Child Development Center,KIMSHEALTH Trivandrum
Dr. Athira  S,Consultant,Obstetrics & Gynecology,KIMSHEALTH Kollam
Dr Athul  Bhaskar,Consultant - Pediatric O…,Pediatric Orthopedic,KIMSHEALTH Hospital Oman
Dr. Athul Vyas V,Registrar,Geriatrics and Healthy Living,KIMSHEALTH Trivandrum
Dr. Athulya T,Dentist,"Dental, Clinical, Oral & Maxillofacial Surgery",KIMSHEALTH Kollam
Dr. Augustine  Thomas,Prosthodontist,"Dental, Clinical, Oral & Maxillofacial Surgery",KIMSHEALTH Trivandrum
Dr. Ayesha  Arjumand,General Scope Physician,General Medicine,KIMSHEALTH Medical Center Qatar (Wakra)
Dr. Aysha Waleed Ebrahim,Specialist,Family Medicine,Royal Bahrain Hospital
Dr. Azgar Abdul Rasheed,Associate Consultant,Medical Oncology,KIMSHEALTH Trivandrum
Dr. Azgar Abdul Rasheed,Associate Consultant,Medical Oncology,KIMSHEALTH Cancer Center
Dr. Azharul Haque K.T,Pulomonologist,Pulmonary Medicine,KIMSHEALTH Al-Shifa
Dr. B Jayanand Sunil,Consultant & Coordinator…,Surgical Oncology,KIMSHEALTH Cancer Center
Dr B Jayanand Sunil,Consultant & Coordinator…,Surgical Oncology,KIMSHEALTH Trivandrum
Dr. B Madan Mohan,Consultant,Orthopedics & Trauma,KIMSHEALTH Trivandrum
Dr. Babu  George,Senior Consultant,Developmental Pediatrics,KIMSHEALTH Trivandrum
Dr. Basma Atef Younes,Specialist,Pediatrics,KIMSHEALTH Medical Center Muharraq
Dr. Bassam  Emara,Senior specialist,Nephrology,KIMSHEALTH Medical Center Jarir
Dr. Bassem,Consultant,Pediatrics Neonatology,Royal Bahrain Hospital
Dr. Beena N B,General Practitioner,General Medicine,KIMSHEALTH Medical Center Umm Al Hassam
Dr. Benoy  Stanly,"Co-ordinator, Dental Ser…","Dental, Clinical, Oral & Maxillofacial Surgery",KIMSHEALTH Trivandrum
Dr. Benoy Kurain George,Consultant Paediatrician,Pediatrics,KIMSHEALTH Al-Shifa
Dr. Bharath  V M,Consultant,Surgical Oncology,KIMSHEALTH Cancer Center
Dr. Bharath  V M,Consultant–Oncosurgeon,Cancer Care,KIMSHEALTH Trivandrum
Dr. Bhavna  Mohandas,Consultant,Cardiology,KIMSHEALTH Trivandrum
Dr. Bhuvanesh  M,Consultant,Rheumatology,KIMSHEALTH Kollam
Dr Bijoy Kesavan Babu,Emergency Physician,Emergency Medicine Department,KIMSHEALTH Kollam
Dr. Biju  Sebastian,Senior Orthodontist,"Dental, Clinical, Oral & Maxillofacial Surgery",KIMSHEALTH Trivandrum
Dr. Bijulal  S,Senior Consultant,Cardiology,KIMSHEALTH Trivandrum
Dr. Bindu  Purushothaman,Consultant,Obstetrics & Gynecology,KIMSHEALTH Trivandrum
Dr. Binish  Paul,Consultant,Imaging & Interventional Radiology,KIMSHEALTH Trivandrum
Dr. Biswajit Dutta Baruah,Consultant,Orthopedic,KIMSHEALTH Hospital Oman
Dr Blessy  John,Specialist,Obstetrics & Gynecology,KIMSHEALTH Medical Center Muharraq
Dr. Blessy  Thomas,"HOD, Physiotherapy",Physiotherapy,KIMSHEALTH Hospital Oman
Dr. Bob  Djavan,Consultant,Urology,Royal Bahrain Hospital
Dr. Bobby  Iype,Hon. Consultant,Neurosurgery,KIMSHEALTH Trivandrum
Dr. Brinda  Sabu,Consultant,High Risk Pregnancy & Fetal Medicine,KIMSHEALTH Trivandrum
Dr. Brinda,Consultant,Perinatology,KIMSHEALTH Kollam
Dr. Chandrashekar,Registrar -Orthopaedics,Orthopaedics,KIMSHEALTH Al-Shifa
Dr. Chandrashekhar  Choudhari,Specialist,Pulmonology,KIMSHEALTH Hospital Oman
Dr. Chinmayi  Anoop,Medical Officer,Emergency Medicine Department,KIMSHEALTH Kottayam
Dr. Christina  Samuel,Specialist,Ophthalmology,KIMSHEALTH Medical Center Dubai
Dr. Cinu A Nair,,Obstetrics & Gynecology,KIMSHEALTH Trivandrum
Dr. Cuckoo,Oral Physician,"Dental, Clinical, Oral & Maxillofacial Surgery",KIMSHEALTH Trivandrum
Dr. D Kalpana,Senior Consultant,Pediatric Neurology,KIMSHEALTH Trivandrum
Dr. D Kalpana,Senior Consultant,Neurology,KIMSHEALTH Trivandrum
Dr. Dhanya  Krishnan,Pediatric Dentist,"Dental, Clinical, Oral & Maxillofacial Surgery",KIMSHEALTH Trivandrum
Dr. Dinesh Babu K  B,ASSOCIATE CONSULTANT,Neuro Interventional Radiology,KIMSHEALTH Trivandrum
Dr. Daisy  Karan,Consultant,Ophthalmology,KIMSHEALTH Trivandrum
Dr. Dalya  Al Hamdan,Consultant,Obstetrics and Gynecology,Royal Bahrain Hospital
Dr. Daniel Benoj Baby,Internal Medicine,Internal Medicine,AL RASHIDIYAH PVT POLYCLINIC
Dr. Daspin,Specialist,Radiology,KIMSHEALTH Medical Complex Duqm
Dr. Dean  Gomes,Consultant,Plastic Surgery,Royal Bahrain Hospital
Dr. Dean  Gomes,Consultant,Plastic Surgery,RBH Medical Center
Dr. Deekshith Raj Rasemale,General Practitioner,Emergency,KIMSHEALTH Hospital Oman
Dr. Deena  Shakeeb,Consultant,Pediatrics,Royal Bahrain Hospital
Dr. Deepa  Binod,Consultant,Developmental Pediatrics,KIMSHEALTH Trivandrum
Dr. Deepa Das,Senior Consultant,Critical Care,KIMSHEALTH Trivandrum
Dr. Deepa  Unnikrish,Specialist,General Surgery,KIMSHEALTH Kollam
Dr Deepa  Gs,Endodontist,"Dental, Clinical, Oral & Maxillofacial Surgery",KIMSHEALTH Kollam
Dr. Deepak V,Coordinator & Consultant,Critical Care,KIMSHEALTH Trivandrum
Dr. Deepasree  J,Consultant,Imaging & Interventional Radiology,KIMSHEALTH Trivandrum
Dr. Deepthi,Consultant,Imaging & Interventional Radiology,KIMSHEALTH Trivandrum
Dr. Deepti  Dua,Specialist ( Endodontist),Endodontist and Conservative Dentistry,RBH Medical Center
Dr. Deepti  Dua,Specialist ( Endodontist),Dentistry,Royal Bahrain Hospital
Dr. Deepti  Dua,Specialist ( Endodontist),Endodontist and Conservative Dentistry,Royal Bahrain Hospital
Dr Devadarshan,Specialist,General Medicine,KIMSHEALTH Medical Center Dubai
Ms. Devi Priya G,Speech Language Patholog…,Holistic Child Development Center,KIMSHEALTH Trivandrum
Dr. Devika  Jain,Occupational Therapist,Holistic Child Development Center,KIMSHEALTH Trivandrum
Dr. Dhanasekaran V K,Consultant – Radiation O…,Cancer Care,KIMSHEALTH Cancer Center
Dr. Dhanasekaran V K,Consultant – Radiation O…,Cancer Care,KIMSHEALTH Trivandrum
Dr. Dhinesh David,Consultant,Cardiology,KIMSHEALTH Trivandrum
Dr. Dixit  Raj,Laser Periodontist and I…,"Dental, Clinical, Oral & Maxillofacial Surgery",KIMSHEALTH Trivandrum
Dr. E Grace Shirley,Consultant Radiation Onc…,Cancer Care,KIMSHEALTH Trivandrum
Dr. E. Grace  Shirley,Consultant,Radiation Oncology,KIMSHEALTH Cancer Center
Dr. Eg Mohan Kumar,Clinical Professor & HOD…,Orthopedics & Trauma,KIMSHEALTH Al-Shifa
Dr Elie Roger Zaghrini,Consultant – Head of Dep…,Emergency and Critical Care,Royal Bahrain Hospital
Dr. Elif Uygur Kucukseymen,Consultant,Neurology,Royal Bahrain Hospital
Dr Eliyaz  Syed,Specialist Surgeon,General Surgery,KIMSHEALTH Medical Center Dubai
Dr. Elizabeth Preethi Thomas,Pediatric Neurologist,Neurology,KIMSHEALTH Alshifa
Dr. Eman Naji Naser,General Dentist,Dentistry,Royal Bahrain Hospital
Dr. Erfai  Emtair,Consultant,Urology,Royal Bahrain Hospital
Dr. Erfai  Emtair,Consultant,Urology,RBH Medical Center
Dr. Essakki Muthu P,Specialist,Internal Medicine,KIMSHEALTH Medical Center
Dr. Evana M Roy,General Dentist,"Dental, Clinical, Oral & Maxillofacial Surgery",KIMSHEALTH Trivandrum
Dr. Fadhel  Mattar,Senior Specialist,"Ears, Nose and Throat (ENT)",KIMSHEALTH Medical Center Jarir
Dr Fadia  Sharif,General Practitioner,General Medicine,KIMSHEALTH Medical Center Muharraq
Fahmi Thabassam K,Psychologist,Psychology,KIMSHEALTH Alshifa
Fahmi Thabassam K,Psychologist,Psychiatry & Behavioral Medicine,KIMSHEALTH Alshifa
Dr. Fatema  Shams,General and Cosmetic Den…,Dentistry,RBH Medical Center
Dr. Fatema  Shams,General and Cosmetic Den…,Dentistry,Royal Bahrain Hospital
Dr. Fatema Ebrahim Almodhaweb,Consultant,Psychiatry,Royal Bahrain Hospital
Dr. Fatema  Shams,General and Cosmetic Den…,Dentistry,RBH Medical Center
Dr Fatema Mohamed Abbas Ebrahim Khalaf,General Practitioner,General Medicine,Royal Bahrain Hospital
Dr. Fatemeh Heidari Foroushani,Specialist,Neurology,KIMSHEALTH Hospital Oman
Dr. Fathallah  Yousef,Specialist,Ophthalmology,KIMSHEALTH Medical Center Jarir
Dr. Fathima  Sanaa,Anaesthesiologist,Anesthesiology,KIMSHEALTH Al-Shifa
Dr. Fathima R Konari,Nephrologist,Nephrology,KIMSHEALTH Al-Shifa
Dr. Fathima Haneena P,Senior Registrar,Physical Medicine &  Rehabilitation,KIMSHEALTH Trivandrum
Dr. Fatima Al Lawati,Specialist,General Surgery,KIMSHEALTH Hospital Oman
Dr. Favas Ali M,Specialist,Oncology,KIMSHEALTH Alshifa
DR Fawas,,"Dental, Clinical, Oral & Maxillofacial Surgery",KIMSHEALTH Kollam
Dr. Fazeela  Beegum,Periodontist,"Dental, Clinical, Oral & Maxillofacial Surgery",KIMSHEALTH Trivandrum
Dr. Fazil M T,HOD & Emergency Physician,Emergency Medicine Department,KIMSHEALTH Al-Shifa
Dr. Fazil  Hamzath,Registrar Critical Care …,Critical Care,KIMSHEALTH Al-Shifa
Dr. Femitha  P,Senior Consultant,Neonatology,KIMSHEALTH Trivandrum
Dr. Femitha  Tp,Registrar - Critical Care,Critical Care,KIMSHEALTH Alshifa
Dr. Femy  Mathew,Medical Officer,Emergency Medicine Department,KIMSHEALTH Kottayam
Dr Feras  Al-Hamdani,General Practitioner,General Practitioner,KIMSHEALTH Hospital Oman
Dr. Firoz Khan M H,Consultant,General & Minimally Invasive Surgery,KIMSHEALTH Trivandrum
Dr. Fouziya,Specialist,Orthodontist,KIMSHEALTH Alshifa
Prof. Dr. G Vijayaraghavan,Vice-Chairman & Director…,Cardiology,KIMSHEALTH Trivandrum
Dr. Gamini  Rathnayake,General Practitioner,Emergency,KIMSHEALTH Hospital Oman
Dr. Ganapati Prasad Mishra,Sr. Consultant Neurosurg…,Neurosurgeon,KIMSHEALTH Hospital Oman
Dr. Ganesan V M,Consultant Nephrologist …,Nephrology,KIMSHEALTH Al-Shifa
Dr Ganesh  Viswanathan,Consultant,Internal Medicine,KIMSHEALTH Trivandrum
Dr. Gangadharan  Pillai,Sr. Consultant Internal …,Internal Medicine,KIMSHEALTH Kollam
Dr. Gardenia  Alsaffar,Consultant,Psychiatry,Royal Bahrain Hospital
Dr. Gardenia  Alsaffar,Consultant,Psychiatrist,RBH Medical Center
Dr. Geetha  P,Senior Consultant,Obstetrics & Gynecology,KIMSHEALTH Trivandrum
Dr George  Mezher,Consultant,Anesthesiology,Royal Bahrain Hospital
Dr. George  Chacko,Specialist,Internal Medicine,KIMSHEALTH Medical Center Qatar (Wakra)
Dr. Gisi  Shibu,Consultant,Pediatrics,KIMSHEALTH Trivandrum
Dr. Gissy Elizabeth Boben,Specialist,Pediatrics,KIMSHEALTH Medical Center Barwa
Dr. Gita  Tadepalli,General Practitioner,General Medicine,Royal Bahrain Hospital
Dr Githin Benoy George,Consultant,Neurology,KIMSHEALTH Alshifa
Dr. Gopalakrishnan  M,Senior Registrar,Cardiology,KIMSHEALTH Kottayam
Dr. Gopinatha  Menon,Co-ordinator & Senior Co…,Internal Medicine,KIMSHEALTH Trivandrum
Dr. Govind  Swaminathan,Specialist,Pediatrics,KIMSHEALTH Medical Center Muharraq
Dr. Gowrishankar  S,Senior Resident-  Orthop…,Orthopedics & Trauma,KIMSHEALTH Kottayam
Dr. Guruprasad  K,Consultant,Neurology,KIMSHEALTH Kottayam
Dr. Hajira  Begum,Specialist,Internal Medicine,KIMSHEALTH Medical Center Umm Al Hassam
Dr. Hadiya  Naureen,Specialist,Pathology,KIMSHEALTH Alshifa
Dr. Hafis  Pn,Registrar in Emergency D…,Emergency Medicine Department,KIMSHEALTH Alshifa
Dr. Hafiz  Ansari,Consultant,General Surgery,KIMSHEALTH Hospital Umm Al Hassam
Dr Hajera Yahiya Amoodi,General Practitioner,General Medicine,KIMSHEALTH Medical Center Muharraq
Dr. Hani  Humaidan,Consultant,Neurology,Royal Bahrain Hospital
Dr. Hani  Mohammed,Consultant,Family Medicine,Royal Bahrain Hospital
Ms. Hanoof  Alrayes,Clinical Nutrition and D…,Diet and Nutrition Clinic,Royal Bahrain Hospital
Ms. Hanoof  Alrayes,Clinical Nutrition and D…,Diet and Nutrition Clinic,RBH Medical Center
Dr. Happy  G,"Consultant- ENT, Head & …",ENT,KIMSHEALTH Kollam
Dr Hareesh  Karim,Specialist,Gastroenterology,KIMSHEALTH Kollam
Dr. Hari T A,Senior Consultant,Internal Medicine,KIMSHEALTH Trivandrum
Dr. Hariharan  S,Hon. Sr. Consultant,Physical Medicine &  Rehabilitation,KIMSHEALTH Trivandrum
Dr. Harikrishnan  T,Consultant,Imaging & Interventional Radiology,KIMSHEALTH Trivandrum
Dr. Harikrishnan  H,Neurologist,Neurology,KIMSHEALTH Kollam
Dr Harikumar G,Consultant Anesthesia,Anesthesiology,KIMSHEALTH Trivandrum
Dr. Harish  Kareem,Senior Consultant,Gastroenterology,KIMSHEALTH Trivandrum
Dr. Harold  Esparcia,General Practitioner,General Medicine,KIMSHEALTH Medical Center Jarir
Dr. Harrison  Otemba,General Practitioner,General Medicine,Royal Bahrain Hospital
Dr. Hashir  Kareem,Consultant,Cardiology,KIMSHEALTH Trivandrum
Dr. Hashir A,Consultant,Anesthesiology,KIMSHEALTH Trivandrum
Dr Hazeen  A,Specialist,Internal Medicine,KIMSHEALTH Kollam
Dr. Hazna  Mohammed,Genaral  Dentist,Dentistry,KIMSHEALTH Medical Center
Dr. Heera Selsa,Senior Registrar,Physical Medicine &  Rehabilitation,KIMSHEALTH Trivandrum
Dr. Henry  Selestin,General Practitioner,General Medicine,KIMSHEALTH Medical Center Umm Al Hassam
Dr. Hiba  K K,Psychologist,Psychology,KIMSHEALTH Alshifa
Dr. Hisham Faizal K,Emergency Physician,Emergency Medicine Department,KIMSHEALTH Al-Shifa
Dr Hussain  Elbarnawe,Senior Consultant,General Surgery,KIMSHEALTH Hospital Oman
Dr. Hussein  Elbernawi,Consultant,General Surgery,RBH Medical Center
Dr. Hussein  Elbernawi,Consultant,General Surgery,Royal Bahrain Hospital
Dr. Ilias Mataragkas,Consultant,Orthopedics,Royal Bahrain Hospital
Dr. Ilias Mataragkas,Consultant,Orthopedics,RBH Medical Center
Dr. Ishrat Hameed,Specialist,Internal Medicine,KIMSHEALTH Medical Center Jarir
Dr. Islam  Mohamed,General Practitioner,General Medicine,Royal Bahrain Hospital
Dr. Ismail  Jahromi,Consultant,Orthopedics,Royal Bahrain Hospital
Dr. Ismail  Jahromi,Consultant,Orthopedics,RBH Medical Center
Dr. Issa  Kawalit,Consultant,Nephrology,RBH Medical Center
Dr. Issa  Kawalit,Consultant,Nephrology,Royal Bahrain Hospital
Dr. J V Shyja,Consultant,Obstetrics & Gynecology,KIMSHEALTH Trivandrum
Dr. Jayakrishnan  C,Senior Consultant,Neurology,KIMSHEALTH Trivandrum
Dr. Jitha  G,Senior Registrar,Psychiatry & Behavioral Medicine,KIMSHEALTH Trivandrum
Dr. Jacob John Theophilius,Sr. Consultant and Chief…,Anesthesiology,KIMSHEALTH Trivandrum
Dr. Jacob C Pilla,Senior Registrar,Internal Medicine,KIMSHEALTH Trivandrum
Dr. Jacob  M.M,Hon. Sr. Consultant,"Plastic, Reconstructive, Microvascular Surgery",KIMSHEALTH Trivandrum
Dr. Jacob John Theophilius,Senior Consultant and Ch…,Cardiothoracic Surgery,KIMSHEALTH Trivandrum
Dr. Jafer C P,Sr. Consultant & clinica…,General Medicine,KIMSHEALTH Al-Shifa
Dr. Jagadheesh  M,Specialist,Interventional Cardiologist,KIMSHEALTH Alshifa
Dr. Jagjeet Kaur,Specialist,Obstetrics & Gynecology,KIMSHEALTH Medical Center Qatar (Wakra)
Dr. Jalal  Al Marzooq,Consultant,"Ears, Nose and Throat (ENT)",Royal Bahrain Hospital
Dr. Jalal  Al Marzooq,Consultant,"Ears, Nose and Throat (ENT)",RBH Medical Center
Dr. Jamila K Warrier,Coordinator & Consultant…,child-adolescent,KIMSHEALTH Trivandrum
Dr Jamsheer  V T,Onco Surgeon,Oncology,KIMSHEALTH Alshifa
Dr. Jasmine Abdulkhadar Hashir,,Pediatrics,None
Dr. Jasneer  Np,General Physician,General Medicine,KIMSHEALTH Medical Center Jarir
Dr. Jawaher  Murad,GP Dentist,Dentistry,KIMSHEALTH Medical Center Qatar (Wakra)
Dr. Jayanth R Seshan,Associate Consultant - N…,Anesthesiology,KIMSHEALTH Trivandrum
Dr. Jayaprakash  Madhavan,Sr. Consultant,Radiation Oncology Preventive Oncology Neuro Oncology,KIMSHEALTH Cancer Center
Dr. Jayaprakash  Madhavan,Sr. Consultant Radiation…,Cancer Care,KIMSHEALTH Trivandrum
Dr. Jayaram Das S,Senior Consultant,Pediatrics,KIMSHEALTH Trivandrum
Dr. Jayasree  A,Specialist,Homeopathy,KIMSHEALTH Medical Center Umm Al Hassam
Dt. Jayasree  N S,Group Coordinator,Clinical Nutrition,KIMSHEALTH Trivandrum
Dr. Jefferson  George,Consultant Orthopaedicia…,Orthopedics & Trauma,KIMSHEALTH Kottayam
Dr. Jeomy Zachariah Oommen,Consultant,"Dental, Clinical, Oral & Maxillofacial Surgery",KIMSHEALTH Trivandrum
Dr. Jerry John Oommen,General Physician,General Medicine,KIMSHEALTH Medical Center Jarir
Dr. Jinane  Khaled,Consultant,Radiology,Royal Bahrain Hospital
Dr. Jishnu  Narayana,Consultant - Psychiatrist,Psychiatry & Behavioral Medicine,KIMSHEALTH Al-Shifa
Dr. Jishy  Seby,Specialist,Nutrition & Dietetics,KIMSHEALTH Hospital Oman
Dr. Jithin S Kumar,Visiting Nephrologist,Nephrology,KIMSHEALTH Kottayam
Dr. Jithu  T G,Associate Consultant,General & Minimally Invasive Surgery,KIMSHEALTH Trivandrum
Dr. Jithu  Joseph,Endodontist,"Dental, Clinical, Oral & Maxillofacial Surgery",KIMSHEALTH Trivandrum
Dr. Joe  Pradeef,Consultant - Pediatrics …,Pediatrics,KIMSHEALTH Kollam
Prof. Dr. John  Mathai,Sr. Consultant,ENT,KIMSHEALTH Kottayam
Dr. John Sebastian Mg,Consultant,Radiation Oncology,KIMSHEALTH Cancer Center
Dr. Jose  Mathew,Visiting Consultant,Gastroenterology,KIMSHEALTH Kottayam
Dr Joselito Zubiri Dagonda,G P Pediatrics,General Medicine,KIMSHEALTH Medical Center Dubai
Dr. Joydeep  Das,General Practitioner,General Practitioner,KIMSHEALTH Medical Complex Duqm
Dr Julian Jhony Thottian,Consultant,Cardiology,KIMSHEALTH Medical Center Muharraq
Dr. Julian Jhony Thottian,Consultant,Cardiology,KIMSHEALTH Hospital Umm Al Hassam
Dr. Juveria Majeed,Specialist,"Ears, Nose and Throat (ENT)",KIMSHEALTH Medical Center
Dr. Jyothi  Prabhakar,Consultant,Neonatology,KIMSHEALTH Trivandrum
Dr. K Suresh Kumar,Emergency Physician,Emergency Medicine Department,KIMSHEALTH Trivandrum
Dr. K  Radhakrishnan,Senior Consultant & Head…,Neurology,KIMSHEALTH Trivandrum
Dr. K  Radhakrishnan,Senior Consultant & Head…,Advanced Comprehensive Epilepsy Centre,KIMSHEALTH Trivandrum
Dr. K  Shakthesh,Visiting Consultant,ENT,KIMSHEALTH Trivandrum
Dr. K U  Kunjumoideen,Specialist Obstetric & G…,Obstetrics & Gynecology,AL RASHIDIYAH PVT POLYCLINIC
Dr Kannan Venugopal,Specialist,"Dental, Clinical, Oral & Maxillofacial Surgery",KIMSHEALTH Kollam
Dr Kabir  Bakshi,Specialist ENT,ENT,AL RASHIDIYAH PVT POLYCLINIC
Dr. Kalpana  D,Consultant,Pediatric Neurology,KIMSHEALTH Kollam
Dr. Kavya  P,Specialist,Emergency Medicine Department,KIMSHEALTH Alshifa
Dr. Khalid  Mohamed,General Practitioner,General Medicine,Royal Bahrain Hospital
Dr. Khalil Isaac Mathai,Specialist,Neuro Surgery,KIMSHEALTH Alshifa
Dr. Khurshid  Alam,Specialist,Pediatrics,KIMSHEALTH Medical Center Qatar (Wakra)
Dr. Kiran Madhukar Hirey,Senior Registrar - cardi…,Cardiology,KIMSHEALTH Al-Shifa
Dr. Kiran  Kakandki,Specialist,Orthopedics,KIMSHEALTH Hospital Umm Al Hassam
Dr. Krishna Kumar,Specialist,General Medicine,AL RASHIDIYAH PVT POLYCLINIC
Dr. Krishnasree  K S,Associate Consultant,Neurology,KIMSHEALTH Trivandrum
Dr. Kristine C Villanueva,General Dentistry,Dentistry,KIMSHEALTH Medical Center Muharraq
Dr. Kumar  K A,Hon. Sr. Consultant,Psychiatry & Behavioral Medicine,KIMSHEALTH Trivandrum
Dr. L  Mahadevan,Senior Consultant,Ayurveda,KIMSHEALTH Trivandrum
Dr. Lakshmi  Raj,Consultant,Obstetrics & Gynecology,KIMSHEALTH Kottayam
Dr. Lal Krishnan Nair,Specialist,Anesthesiology,KIMSHEALTH Hospital Oman
Dr. Lalit B Rajpal,Consultant,Plastic Surgery,RBH Medical Center
Dr. Lalit B Rajpal,Consultant,Plastic Surgery,RBH Medical Center
Dr. Lalit B. Rajpal,Consultant,Plastic Surgery,Royal Bahrain Hospital
Dr Lamees Nabeel Bastawisy,General Dentist,Dentistry,KIMSHEALTH Medical Center Muharraq
Dr Lamya  Chevidanchalil,Consultant,General Medicine,KIMSHEALTH Medical Center Dubai
Dr. Latha  Molli,Specialist,Dermatology & Cosmetology,KIMSHEALTH Medical Center
Dr Leena  Saju,Group Manager,Clinical Nutrition,KIMSHEALTH Trivandrum
Dr. Linette Wilma Saldanha,General Practitioner,General Medicine,Royal Bahrain Hospital
Dr. Lisha  Mathew,Endodontist,Endodontist and Conservative Dentistry,RBH Medical Center
Dr Lisha  Mathew,Endodontist,Endodontist and Conservative Dentistry,Royal Bahrain Hospital
Dr Lisha  Mathew,Endodontist,Dentistry,Royal Bahrain Hospital
Dr. Lizy  Vincent,Consultant,Family Medicine,KIMSHEALTH Trivandrum
Dr. Lubna  Ahmed,Specialist,Obstetrics and Gynecology,Royal Bahrain Hospital
Dr. Lumiya  Malik,Consultant,Obstetrics & Gynecology,KIMSHEALTH Trivandrum
Dr. M Suresh Kumar,Senior Consultant,ENT,KIMSHEALTH Trivandrum
Dr. M Haneef,Sr. Consultant,Internal Medicine,KIMSHEALTH Kottayam
Dr. M  Joshi,Prof Emeritus & Senior C…,Respiratory Medicine,KIMSHEALTH Trivandrum
Dr. M Bhuvanesh,Consultant,Rheumatology & Clinical Immunology,KIMSHEALTH Trivandrum
Dr. M Safarulla,Hon. Sr. Consultant,Internal Medicine,KIMSHEALTH Trivandrum
Dr. M I Sahadulla,Chairman and Managing Di…,Internal Medicine,KIMSHEALTH Trivandrum
Dr. M. Ismail Hanifi,Specialist,Nephrology,KIMSHEALTH Hospital Oman
Dr. Madhav A Joshi,HOD & Clinical Professor…,General Medicine,KIMSHEALTH Al-Shifa
Dr. Madhavan  Unni,Senior Consultant & Chie…,Imaging & Interventional Radiology,KIMSHEALTH Trivandrum
Dr. Madhu  Sasidharan,Senior Consultant,Gastroenterology,KIMSHEALTH Trivandrum
Dr. Madhusudanan E S,Associate Consultant,Anesthesiology,KIMSHEALTH Trivandrum
Dr. Madhusudhan,Consultant,Plastic Surgery,KIMSHEALTH Hospital Umm Al Hassam
Dr. Maha Haroun  Eid Alrabadi,Consultant,Obstetrics and Gynecology,Royal Bahrain Hospital
Dr. Mahmoud Desouki Hassan,Specialist Pediatric,Pediatrics,KIMSHEALTH Medical Center
Dr. Mahsooma  N,Dermatologist,Dermatology & Cosmetology,KIMSHEALTH Al-Shifa
Dr. Manesh  Senan,Senior Consultant,"Plastic, Reconstructive, Microvascular Surgery",KIMSHEALTH Trivandrum
Dr. Mani  Varugheese,Senior Consultant,Pediatrics,KIMSHEALTH Trivandrum
Dr. Manish Kumar Yadav,Consultant,Imaging & Interventional Radiology,KIMSHEALTH Trivandrum
Dr. Manish Kumar Yadav,Consultant,Neuro Interventional Radiology,KIMSHEALTH Trivandrum
Dr. Manoj Pazhampallil Mathews,Senior Consultant,Internal Medicine,KIMSHEALTH Trivandrum
Dr. Manoj K S,Senior Consultant,Imaging & Interventional Radiology,KIMSHEALTH Trivandrum
Dr. Manoj  Haridas,Senior Consultant Hand &…,Orthopedics & Trauma,KIMSHEALTH Trivandrum
Dr. Manorama Devi K Rajan,Hon. Senior Consultant,Neurology,KIMSHEALTH Trivandrum
Dr. Maria  Catacutan,Specialist,Pulmonology,Royal Bahrain Hospital
Dr. Maria Ana T Mustrales,General Practitioner,General Medicine,KIMSHEALTH Medical Center
Dr. Mary  Thomas,Senior Consultant,Ophthalmology,KIMSHEALTH Trivandrum
Dr. Mary  Thomas,Senior Consultant,Ophthalmology,KIMSHEALTH Trivandrum
Dr. Maryam  Gharavi,Specialist,Rheumatology,KIMSHEALTH Hospital Oman
Dr. Maryam Al Hashmi,Consultant,General Surgery,KIMSHEALTH Hospital Oman
Dr Maryam  Heroabadi,Specialist,Internal Medicine,KIMSHEALTH Oman Hospital
Dr. Masoud Nasser Al Abdali,Sr Consultant- Lap and G…,Orthopedic,KIMSHEALTH Hospital Oman
Dr. Mathew  Thomas,Professor and Senior Con…,Hematology Clinic,KIMSHEALTH Trivandrum
Dr. Mathew  Thomas,Professor and Senior Con…,Hematology Clinic,KIMSHEALTH Trivandrum
Dr. Mathew Varghese Chakkittayil,Consultant,Pediatrics,KIMSHEALTH Hospital Umm Al Hassam
Dr. Mathew  George,Sr. Consultant General s…,General & Laparoscopic Surgery,KIMSHEALTH Al-Shifa
Dr. Mathew Chacko Ramacha,Sr. Consultant,Anesthesiology,KIMSHEALTH Kollam
Dr. Mathew P Varghese,Oral & Maxillofacial Sur…,"Dental, Clinical, Oral & Maxillofacial Surgery",KIMSHEALTH Trivandrum
Dr May,Specialist,ENT,KIMSHEALTH Medical Center Barwa
Dr. Maya Devi T J,Hon. Sr. Consultant,General & Minimally Invasive Surgery,KIMSHEALTH Trivandrum
Dr. Mazin Hazim Kamil,Consultant,Gastroenterology,Royal Bahrain Hospital
Dr. Meera  R,Consultant,Cardiology,KIMSHEALTH Trivandrum
Dr. Midhun  Mohan,Registrar,Family Medicine,KIMSHEALTH Trivandrum
Dr Migita Michael D' Cruz,Associate Consultant,Psychiatry & Behavioral Medicine,KIMSHEALTH Kollam
Dr Migita M D'Cruz,Associate Consultant,Psychiatry & Behavioral Medicine,KIMSHEALTH Trivandrum
Dr. Milan Malik Malik Thaha,Pulmonologist,Respiratory Medicine,KIMSHEALTH Hospital Kollam
Dr. Mini P N,Consultant,Dermatology & Cosmetology,KIMSHEALTH Trivandrum
Dr. Miriya Thomas P,Registrar,Pathology,KIMSHEALTH Kottayam
Dr. Mohamad  Ahmed,Consultant,Orthopedics,Royal Bahrain Hospital
Dr. Mohamad  Ahmed,Consultant,Orthopedics,RBH Medical Center
Dr. Mohamed  Koheji,Consultant and Upper Lim…,Orthopedics,RBH Medical Center
Dr. Mohamed Izudheen Irshad K,Consultant Pulmonologist…,Pulmonary Medicine,KIMSHEALTH Al-Shifa
Dr. Mohamed  Koheji,Consultant and  Upper Li…,Orthopedics,Royal Bahrain Hospital
Dr. Mohammed Ahmed Hamad Elsyed,General Practitioner,General Practitioner,KIMSHEALTH Medical Complex Duqm
Dr. Mohammed  Umer,General Practitioner,General Medicine,KIMSHEALTH Medical Center Jarir
Dr. Mohammed  Bo Essa,Consultant,Anesthesiology,Royal Bahrain Hospital
Dr. Mohammed  Afzaluddin,Physiotherapist,Physiotherapy,KIMSHEALTH Hospital Oman
Dr. Mohammed  Bo Essa,Consultant,Anesthesiology,Royal Bahrain Hospital
Dr. Mohammed  Noushad,Senior Consultant,ENT,KIMSHEALTH Trivandrum
Dr. Mohammed  Yahiya,Cons. Maxillofacial surg…,"Dental, Clinical, Oral & Maxillofacial Surgery",KIMSHEALTH Al-Shifa
Dr. Mohammed Shameem N,Anesthesiologist,Anesthesiology,KIMSHEALTH Al-Shifa
Dr. Mohammed Fahmi Mahmoud Hamdan,Urology,Urology,Royal Bahrain Hospital
Dr. Mohemed  Sanowfer,Consultant,Internal Medicine,KIMSHEALTH Trivandrum
Dr. Moideen Babu Perayil,Neonatologist,Neonatology,KIMSHEALTH Al-Shifa
Dr. Mona  Issa,Consultant,Pediatrics,RBH Medical Center
Dr. Mona  Issa,Consultant,Pediatrics,Royal Bahrain Hospital
Dr. Monalisa G David,General Practitioner,General Medicine,KIMSHEALTH Medical Center Jarir
Dr. Monil,,Urology,KIMSHEALTH Kottayam
Dr Mossaab  Hassoun,Consultant,Pediatrics,Royal Bahrain Hospital
Dr Mossaab  Hassoun,Consultant,Neonatology,Royal Bahrain Hospital
Dr. Mritunjaya K Sharma,Specialist,Pediatric,KIMSHEALTH Medical Center Al Khuwair
Dr. Muhammad Hammad Muzaffar,Specialist,General Surgery,KIMSHEALTH Medical Center
Dr. Muhammad Saad Mostafa Awad El Boghdady,General Practitioner,General Medicine,KIMSHEALTH Hospital Oman
Dr. Muhammad Usman Ulhaq,Specialist,Orthopedics,KIMSHEALTH Medical Center Jarir
Dr. Muhammed  Nazeer,Senior Consultant & Grou…,Orthopedics & Trauma,KIMSHEALTH Trivandrum
Dr. Muhammed  Nooruddeen,Consultant Orthopaedic S…,Orthopaedics,KIMSHEALTH Al-Shifa
Dr. Muhammed  Niyas,Consultant,Infectious Disease,KIMSHEALTH Trivandrum
Dr Muhand Salemah Raji Eltwal,Consultant,Nephrology,Royal Bahrain Hospital
Dr. Mujeeb V Rahman,Consultant,Gastroenterology,Royal Bahrain Hospital
Dr. Mujeeb V Rahman,Consultant,Gastroenterology,RBH Medical Center
Dr. Muneebuddin Ahmed Syed,Consultant,Internal Medicine,Royal Bahrain Hospital
Dr. Munnu Zain Muneer,General Practitioner,General Practitioner,KIMSHEALTH Hospital Oman
Dr. Muraleedharan K K,Hon. Consultant,Psychiatry & Behavioral Medicine,KIMSHEALTH Trivandrum
Dr. Muraleedharan  K K,Hon.Consultant,Psychiatry & Behavioral Medicine,KIMSHEALTH Kollam
Dr. Murali,Sr.Consultant Urologist …,Urology,KIMSHEALTH Al-Shifa
Dr. Mustafa  Al Abdullah,Consultant,Gastroenterology,Royal Bahrain Hospital
Dr. Mustafa  Al Abdullah,Consultant,Gastroenterology,RBH Medical Center
Dr. N.S. Joseph,Hon. Senior Medicine,Internal Medicine,KIMSHEALTH Kottayam
Dr. Nidal  Hussein,﻿Consultant,Ophthalmology,Royal Bahrain Hospital
Dr. Nabeel  Hameed,Consultant,Neuro Surgery,RBH Medical Center
Dr. Nabeel  Hameed,Consultant,Neuro Surgery,Royal Bahrain Hospital
Dr. Naeema  K,,Physical Medicine & Rehabilitation,KIMSHEALTH Alshifa
Dr. Naga Lakshmi V,Endodontist,Dentistry,KIMSHEALTH Medical Center Jarir
Dr. Nahas  A,Senior Registrar,Internal Medicine,KIMSHEALTH Trivandrum
Dr. Nahid  Kamal,Consultant,Obstetrics and Gynecology,Royal Bahrain Hospital
Dr. Nailah  Nisar,Consultant,Obstetrics and Gynecology,Royal Bahrain Hospital
Dr. Nair Parvathi Unnikrishnan,Aesthetic Dentist,"Dental, Clinical, Oral & Maxillofacial Surgery",KIMSHEALTH Trivandrum
Dr. Najeeb,Consultant,General & Minimally Invasive Surgery,KIMSHEALTH Trivandrum
Dr. Najma  Nazeer,GP Dentist,Dentistry,KIMSHEALTH Medical Center Barwa
Dr. Narayan Ramachandran Swamy,Consultant,Orthopedic,KIMSHEALTH Hospital Oman
Dr. Narayan  Nair,General Dentist,Dentistry,KIMSHEALTH Medical Center Qatar (Wakra)
Dr. Narayanan  R,Associate Consultant,Surgical Oncology,KIMSHEALTH Trivandrum
Dr. Narendra  Kumar,Specialist,General Surgery,Royal Bahrain Hospital
Dr. Natasa  Nicolic,Specialist,Obstetrics and Gynecology,Royal Bahrain Hospital
Dr. Nathalia Elizabath Chacko,Psychiatrist,Psychiatry & Behavioral Medicine,KIMSHEALTH Kottayam
Dr Navas  N S,Hon. Consultant,Neurosurgery,KIMSHEALTH Trivandrum
Dr. Naveen  Jain,Coordinator and Senior C…,Neonatology,KIMSHEALTH Trivandrum
Dr. Nazeer S Mohammed,Specialist,Internal Medicine,KIMSHEALTH Medical Center
Dr. Neeta  Ravindranathan,Consultant,Obstetrics & Gynecology,KIMSHEALTH Trivandrum
Dr. Neetha  Thomas,Specialist,Dermatology,KIMSHEALTH Hospital Oman
Dr. Neetha  Ravi,Specialist,General Surgery,Royal Bahrain Hospital
Dr. Neetha  Mahadoon,General Practitioner,General Medicine,AL RASHIDIYAH PVT POLYCLINIC
Dr. Neetha  Ravi,Specialist,General Surgery,KIMSHEALTH Hospital Umm Al Hassam
Dr. Neetha  Ravi,Specialist,General Surgery,RBH Medical Center
Dr. Neetu  Gupta,Consultant,Pediatrics,KIMSHEALTH Trivandrum
Dr. Neetu S Dathan,Consultant Laboratory me…,Laboratory Medicine,KIMSHEALTH Trivandrum
Dr Niharika,Specialist,Ophthalmology,KIMSHEALTH Medical Center Qatar (Wakra)
Dr. Nikhil  K V,Spine Surgeon,Spine Surgery Department,KIMSHEALTH Alshifa
Dr. Nimish  Daniel,Anaesthesiologist,Anaesthesiology,KIMSHEALTH Hospital Kottayam
Dr. Nimmu  George,General Dentist with End…,Dentistry,KIMSHEALTH Medical Center Qatar (Wakra)
Dr. Nisha  Prasannan,Specialist,General & Minimally Invasive Surgery,KIMSHEALTH Trivandrum
Dr. Nisha Nair N U,Associate Consultant,Pediatrics,KIMSHEALTH Trivandrum
Dr. Nisha  Mohammed,Consultant,Obstetrics & Gynecology,KIMSHEALTH Kollam
Dr. Nisha A Navas,Dietician,Nutrition & Dietetics,KIMSHEALTH Kollam
Dr. Nishad  K,Plastic Surgeon,"Plastic, Reconstructive, Microvascular Surgery",KIMSHEALTH Alshifa
Dr. Nissy Susan Kuruvilla,Medical Officer,Emergency Medicine Department,KIMSHEALTH Kottayam
Dr Nitha  J,Consultant,Physical Medicine &  Rehabilitation,KIMSHEALTH Trivandrum
Dr. Nitha  Felix,General Practitioner,General Medicine,KIMSHEALTH Medical Center Muharraq
Dr. Nithya  R,Consultant,Urology,KIMSHEALTH Trivandrum
Dr. Nithya  R,Pediatric ENT Specialist,ENT,KIMSHEALTH Trivandrum
Dr. Nivedita  Nair,Specialist,Ophthalmology,KIMSHEALTH Hospital Umm Al Hassam
Dr. Nizar  Ali,General Practitioner,General Medicine,KIMSHEALTH Medical Center Dubai
Dr. Noor  Almozan,Specialist,Dermatology,RBH Medical Center
Dr. Noor  Almozan,Specialist,Dermatology,Royal Bahrain Hospital
Dr. Noorsathar  N S,Hon. Sr. Consultant,Pediatric Surgery,KIMSHEALTH Trivandrum
Dr. Nosheen J Ansari,Specialist,Ophthalmology,KIMSHEALTH Medical Center
Dr. Noushad Babu P K,Consultant Surgical Gast…,Gastroenterology,KIMSHEALTH Al-Shifa
Dr. Oommen  George,Specialist (Oral Surgery),Dentistry,Royal Bahrain Hospital
Dr. Oommen Aju Jacob,Senior Maxillofacial Sur…,"Dental, Clinical, Oral & Maxillofacial Surgery",KIMSHEALTH Trivandrum
Dr. Oommen  George,Specialist (Oral Surgery),Dentistry,RBH Medical Center
Dr. P  Arjun,Senior Consultant & Grou…,Respiratory Medicine,KIMSHEALTH Trivandrum
Dr. P M C Nair,Specialist,Pediatrics,KIMSHEALTH Trivandrum
Dr. P A Mohammed Kunju,Senior Consultant,Pediatrics,KIMSHEALTH Trivandrum
Dr. P A Mohammed Kunju,Senior Consultant,Pediatric Neurology,KIMSHEALTH Trivandrum
Dr. P.G. Jayaprakash,Hon. Senior Consultant– …,Cancer Care,KIMSHEALTH Cancer Center
Dr. P.G. Jayaprakash,Hon. Sr. Consultant– Rad…,Cancer Care,KIMSHEALTH Trivandrum
Dr. P.P Abdul Shahid,Consultant-Medical Oncol…,Cancer Care,KIMSHEALTH Trivandrum
Dr. P.P.Abdul  Shahid,Consultant,Medical Oncology Hemato Oncology,KIMSHEALTH Cancer Center
Dr. Pamela  Asghar,Specialist,Obstetrics and Gynecology,Royal Bahrain Hospital
Dr. Padmaja N P,Senior Consultant,Cardiology,KIMSHEALTH Trivandrum
Dr. Padmanabhan  M K,Consultant Vascular Surg…,General & Laparoscopic Surgery,KIMSHEALTH Alshifa
Dr. Parisa  Pakdel,Specialist,Pediatric,KIMSHEALTH Oman Hospital
Dr. Parisa  Pakdel,Specialist,Pediatrics,KIMSHEALTH Hospital Oman
Dr. Parvathy  Jayesh,Consultant,General Medicine,AL RASHIDIYAH PVT POLYCLINIC
Dr Parvathy  G,Specialist,"Dental, Clinical, Oral & Maxillofacial Surgery",KIMSHEALTH Kollam
Dr. Parveen  Molly,Genaral Dentist,Dentistry,KIMSHEALTH Medical Center
Dr. Pavithra  Sarma,Psychiatrist,Psychiatry & Behavioral Medicine,KIMSHEALTH Alshifa
Dr. Pradeep  Kumar,General Paracitioner,General Paracitioner,KIMSHEALTH Medical Center Al Khuwair
Dr. Pradeep  Maheshwari,Specialist,Internal Medicine,KIMSHEALTH Hospital Oman
Dr. Pradeep M M,Anesthesiologist,Anesthesiology,KIMSHEALTH Kollam
Dr. Pradeep  Divakaran,Specialist,"Ears, Nose and Throat (ENT)",KIMSHEALTH Medical Center Muharraq
Dr. Pradeep  S,Consultant,Imaging & Interventional Radiology,KIMSHEALTH Trivandrum
Dr. Prameela  Joji,Consultant Pediatric Cri…,Pediatrics,KIMSHEALTH Trivandrum
Dr. Pramitha  Biju,Specialist,Physiotherapy,KIMSHEALTH Medical Center Jarir
Dr. Prasanna Kumar M,Senior Consultant,Internal Medicine,KIMSHEALTH Trivandrum
Ms. Praseetha G S,Psychologist / Remedial …,Holistic Child Development Center,KIMSHEALTH Trivandrum
Dr. Praveen S V,Consultant,Cardiology,KIMSHEALTH Trivandrum
Dr. Praveen  Kumar,Consultant,Cardiology,Royal Bahrain Hospital
Dr. Praveen  Murlidharan,Medical Superintendent &…,Nephrology,KIMSHEALTH Trivandrum
Dr. Praveen  Kumar,Consultant,Cardiology,RBH Medical Center
Ms. Praylyn  Rubysha,Occupational Therapist,Holistic Child Development Center,KIMSHEALTH Trivandrum
Dr. Preethi  V,Registrar,Respiratory Medicine,KIMSHEALTH Kollam
Dr. Prem Kumar P.S,Consultant- Intensivist,Critical Care,KIMSHEALTH Hospital Al-Shifa
Dr. Prethesh  Raaj,ED In Charge,Emergency Medicine Department,KIMSHEALTH Kottayam
Dr. Prijo Philip,Pediatric Nephrologist C…,Pediatrics,KIMSHEALTH Trivandrum
Dr. Prijo  Philip,Senior Registrar,Nephrology,KIMSHEALTH Kollam
Dr. Prijo  Philip,Senior Registrar,Pediatric Nephrology,KIMSHEALTH Kollam
Dr. Puneeth  Kc,Registrar- Radiodiagnosis,Radiodiagnosis,KIMSHEALTH Kottayam
Dr. Reji  J,Senior Registrar,General & Minimally Invasive Surgery,KIMSHEALTH Trivandrum
Dr. Roy  Mali,Specialist,Internal Medicine,Royal Bahrain Hospital
Dr. Rabeeh  Valiyathodi,Consultant,Fertility Clinic,KIMSHEALTH Trivandrum
Dr. Rachel  Abraham,Consultant & Dy Coordina…,Laboratory Medicine,KIMSHEALTH Trivandrum
Dr. Radhamony  D,Senior Consultant,Obstetrics & Gynecology,KIMSHEALTH Trivandrum
Dr Radhika Rani Suprakasan,Specialist,Internal Medicine,KIMSHEALTH Medical Center Qatar (Wakra)
Dr. Rafeekha  P,Senior Consultant,Obstetrics & Gynecology,KIMSHEALTH Trivandrum
Dr. Raghu  Ramesh,Specialist,Orthopedics,KIMSHEALTH Hospital Umm Al Hassam
Dr. Raghu  Ramesh,Specialist,Orthopedics,KIMSHEALTH Medical Center Muharraq
Dr. Ragitha Binu Krishnan,Consultant,Laryngology,KIMSHEALTH Trivandrum
Dr. Rahat  Haseeb,Specialist,Physiotherapy,KIMSHEALTH Medical Center Jarir
Dr. Rahul  Popli,Specialist,Anesthesiology,Royal Bahrain Hospital
Dr. Raichel  Geevarghese,Specialist-Pedodontics,Pediatric Dentistry,KIMSHEALTH Medical Center Qatar (Wakra)
Dr. Raj Mohan L,Consultant,Endocrinology & Diabetes,KIMSHEALTH Trivandrum
Ms. Raja  Hejair,Psychologist,Psychology & Corporate Wellness,Royal Bahrain Hospital
Dr. Rajalakshmi  A,Senior Consultant,Infectious Disease,KIMSHEALTH Trivandrum
Dr. Rajeev  Nathan,General Practitioner,General Medicine,Royal Bahrain Hospital
Dr. Rajendran  D,Sr. Anesthesiologist,Anaesthesiology,KIMSHEALTH Kollam
Dr. Rajendran  D,Sr. Anesthesiologist,Anesthesiology,KIMSHEALTH Kollam
Dr. Rajesh  Raveendranath,Neuro Muscular Dentist,"Dental, Clinical, Oral & Maxillofacial Surgery",KIMSHEALTH Trivandrum
Dr. Rajesh  Dharmarajan,Consultant,Pediatrics,KIMSHEALTH Kollam
Dr. Rajesh  S,Senior Consultant,Rheumatology,KIMSHEALTH Trivandrum
Dr. Rajesh  Sasikumaran,Consultant Intensivist,Critical Care,KIMSHEALTH Trivandrum
Dr. Rajeswari  Vijayakumar,Specialist Pediatrician,Pediatrics,AL RASHIDIYAH PVT POLYCLINIC
Dr. Rajith Remanan Pillai,Consultant,Neurology,KIMSHEALTH Trivandrum
Dr. Raju A Gopal,Consultant Endocrinologi…,Endocrinology & Internal Medicine,KIMSHEALTH Al-Shifa
Dr. Rakesh  Varma,General surgeon,General & Laparoscopic Surgery,KIMSHEALTH Kottayam
Dr. Ram Mohan C V,Senior Consultant,Pediatric Surgery,KIMSHEALTH Trivandrum
Dr. Rama Devi G,Pathologist,Laboratory Medicine,KIMSHEALTH Medical Center
Dr. Ramakrishna Pillai V,Director - Interventiona…,Cardiology,KIMSHEALTH Trivandrum
Dr. Ramesh  Padubidri,Consultant,Plastic Surgery,Royal Bahrain Hospital
Dr. Ramesh  Padubidri,Consultant,Plastic Surgery,RBH Medical Center
Dr. Ramesh Natarajan,Senior Consultant & Coor…,Cardiology,KIMSHEALTH Trivandrum
Dr. Ramesh Kumar G,Senior Consultant - Elde…,Geriatrics and Healthy Living,KIMSHEALTH Trivandrum
Dr. Rani  Krishna,Specialist - Prosthodont…,Dentistry,KIMSHEALTH Hospital Umm Al Hassam
Dr Rani  Krishnan,Specialist - Prosthodont…,Dentistry,KIMSHEALTH Medical Center Umm Al Hassam
Dr. Ranjith  Unnikrishnan,Consultant,Orthopedics & Trauma,KIMSHEALTH Trivandrum
Dr Rasheeda  Nazeem,Specialist,Dentistry,KIMSHEALTH Medical Center Dubai
Dr. Rashid Mohammed Salim Al Zaidi,Consultant,Psychiatry,KIMSHEALTH Hospital Oman
Dr. Ravi  Aravind,Prosthodontist,"Dental, Clinical, Oral & Maxillofacial Surgery",KIMSHEALTH Trivandrum
Dr Ravi  Srinivasan,Specialist,Internal Medicine,KIMSHEALTH Hospital Umm Al Hassam
Dr. Raziya  Sabu,General Practitioner,General Medicine,KIMSHEALTH Medical Center
Dr. Rebeka R Thaman,Specialist,General Surgery,KIMSHEALTH Medical Center Muharraq
Dr. Reeba Ann Daniel,Senior Registrar,Developmental Pediatrics,KIMSHEALTH Trivandrum
Dr. Reeti  Malhotra,Consultant,Dermatology,Royal Bahrain Hospital
Dr. Reeti  Malhotra,Consultant ( Dermatology…,Dermatology,RBH Medical Center
Dr. Reju Joseph Thomas,Hon. Sr. Consultant,Pediatric Urology,KIMSHEALTH Trivandrum
Dr. Reju Joseph Thomas,Pediatric Surgeon,Pediatric Surgery,KIMSHEALTH Kollam
Dr. Rekha  Vijayan,Dermatologist,Dermatology & Cosmetology,KIMSHEALTH Kollam
Dr. Rema Devi T J,Consultant,Dermatology & Cosmetology,KIMSHEALTH Trivandrum
Dr. Renjini  Radhakrishnan,Specialist,Nephrology,KIMSHEALTH Kollam
Dr. Renu  Thomas,Senior Consultant and Co…,Urology,KIMSHEALTH Trivandrum
Ms. Reshmi S R,Speech Language Patholog…,Holistic Child Development Center,KIMSHEALTH Trivandrum
Dr. Reshmy R Pillai,Consultant,Neonatology,KIMSHEALTH Kottayam
Dr. Reshmy R Pillai,Consultant,Pediatrics,KIMSHEALTH Kottayam
Dr Riaz  Ahammed,Specialist,Internal Medicine,KIMSHEALTH Medical Center Dubai
Dr. Richard  Leandri,"Sr. Consultant (Plastic,…",Plastic Surgery,KIMSHEALTH Hospital Oman
Dr. Riffat  Ara,Specilaist,Obstetrics & Gynecology,KIMSHEALTH Medical Center Jarir
Dr. Rijo Jayaraju Mangalasseril,Specialist,"Ears, Nose and Throat (ENT)",KIMSHEALTH Hospital Umm Al Hassam
Dr. Rineesha  Pulikkathodiyil,General Dentist,Dentistry,KIMSHEALTH Medical Center Qatar (Wakra)
Dr. Rini  Mathews,General Dentist,Dentistry,KIMSHEALTH Medical Center Jarir
Dr. Rinu Ruth George,Specialist,Dermatology & Cosmetology,AL RASHIDIYAH PVT POLYCLINIC
Dr. Riya Ann Mathew,Registrar ENT,"Ears, Nose & Throat (ENT)",KIMSHEALTH Kottayam
Dr Riyas  R S,Associate Consultant,Endocrinology & Diabetes,KIMSHEALTH Trivandrum
Dr. Riyas R S,Associate Consultant,Endocrinology & Diabetes,KIMSHEALTH Kollam
Dr. Riza  Siddiqui,Senior Resident Plastic …,"Plastic, Reconstructive, Microvascular Surgery",KIMSHEALTH Kollam
Dr. Roben  Sebastian,Specialist,General & Laparoscopic Surgery,KIMSHEALTH Alshifa
Dr. Rohith  S,Consultant - Quality and…,Respiratory Medicine,KIMSHEALTH Trivandrum
Dr. Roopa  Prasannan,Endodontist,"Dental, Clinical, Oral & Maxillofacial Surgery",KIMSHEALTH Trivandrum
Dr. Rosario  Frincillo,General Practitioner,General Medicine,KIMSHEALTH Medical Center Umm Al Hassam
Dr. Roshan  Daniel,Associate Consultant,Medical Genetics,KIMSHEALTH Trivandrum
Dr. Roshan  Daniel,Associate Consultant,Pediatric Surgery,KIMSHEALTH Trivandrum
Dr. Roshan  Daniel,Associate Consultant,Medical Oncology,KIMSHEALTH Trivandrum
Dr. Roshini  Ambat,Consultant,Obstetrics & Gynecology,KIMSHEALTH Trivandrum
Dr Roshni  Rajan,General Dental Practitio…,Dentistry,KIMSHEALTH Medical Center Muharraq
Dr. Roshni  Rajan,General Dental Practitio…,Dentistry,Royal Bahrain Hospital
Dr. Roubeel,Specialist,Orthopedics,KIMSHEALTH Medical Center Dubai
Dr. S  Subash,Consultant Anesthesia,Cardiothoracic Surgery,KIMSHEALTH Trivandrum
Dr. S Sreejith,Associate Consultant,Gastrointestinal Surgery,KIMSHEALTH Trivandrum
Dr. S Sreejith,Associate Consultant,"Hepatobiliary, Pancreatic & Liver Transplant Surgery",KIMSHEALTH Trivandrum
Dr. S. Subash,Consultant Anesthesia,Anesthesiology,KIMSHEALTH Trivandrum
Dr. Sam  Thomas,Specialist,Orthodontist,KIMSHEALTH Medical Center Um Al Hassam
Dr. Selcuk  Kucukseymen,Consultant,Cardiology,Royal Bahrain Hospital
Dr. Sushruth S Srinivas,Specialist- Orthopedics,Orthopedics,KIMSHEALTH Medical Center Umm Al Hassam
Dr. Sushruth S Srinivas,Specialist- Orthopedics,Orthopedics,KIMSHEALTH Hospital Umm Al Hassam
Dr. Saadia  Haroon,General Practitioner,General Medicine,Royal Bahrain Hospital
Dr. Saadia  Haroon,Obstetrics and Gynaecolo…,Obstetrics and Gynecology,Royal Bahrain Hospital
Dr. Sabarinathan  K,Hon. Sr. Consultant,Pediatrics,KIMSHEALTH Trivandrum
Dr. Sabu  Muhammed,Genaral Dentist,Dentistry,KIMSHEALTH Medical Center
Dr. Sadakathulla A,Consultant,Internal Medicine,KIMSHEALTH Kottayam
Dr. Saddiq M H,Paediatric Coordinator a…,Pediatrics,KIMSHEALTH Trivandrum
Dr Sadegh  Rahgoo,General Practitioner,General Practitioner,KIMSHEALTH Hospital Oman
Dr. Saeed Ahmed Khan,Specialist,Internal Medicine,KIMSHEALTH Hospital Umm Al Hassam
Dr. Saeed  Al Hindi,Consultant,Pediatrics,Royal Bahrain Hospital
Dr. Safdar  Basheer,Registrar,Family Medicine,KIMSHEALTH Trivandrum
Dr. Saffia  P M,Sr. Consultant & Vice De…,"Plastic, Reconstructive, Microvascular Surgery",KIMSHEALTH Trivandrum
Dr. Said Salim Abdullah Al Kaabi,Consultant,Psychiatry,KIMSHEALTH Hospital Oman
Dr. Saifudeen  A,Senior Consultant,Hematology Clinic,KIMSHEALTH Trivandrum
Dr Sailaja  Kaza,Specialist,Obstetrics & Gynecology,KIMSHEALTH Medical Center Dubai
Dr. Sailaja  Kazza,Specialist,Obstetrics & Gynecology,AL RASHIDIYAH PVT POLYCLINIC
Dr. Sainulabid  A,ENT Surgeon,ENT,KIMSHEALTH Al-Shifa
Dr. Sajan  Nair,Specialist Orthodontist,General Dentistry,AL RASHIDIYAH PVT POLYCLINIC
Dr. Sajan  K,Anesthesiologist,Anesthesiology,KIMSHEALTH Al-Shifa
Dr. Sajeev  B.K,Specialist,Pediatrics,KIMSHEALTH Hospital Umm Al Hassam
Dr. Saji Paul K,E N T Specialist,"Ears, Nose and Throat (ENT)",KIMSHEALTH Medical Center
Dr. Saji  Firoz,Consultant,Dermatology & Cosmetology,KIMSHEALTH Trivandrum
Dr. Sajit  N,Hod & Sr. Consultant Ana…,Anesthesiology,KIMSHEALTH Al-Shifa
Dr. Sajith Mohan R,Consultant,Obstetrics & Gynecology,KIMSHEALTH Trivandrum
Dr. Sajith Kumar Indira,Specialist,ENT,KIMSHEALTH Medical Center Qatar (Wakra)
Dr. Sajith Babu S.M,Associate Consultant,Neurosurgery,KIMSHEALTH Kollam
Dr. Saju  Xavier,Sr. Consultant & HOD Gas…,Gastroenterology,KIMSHEALTH Al-Shifa
Dr. Salil Kumar  K,Hon. Sr. Consultant,ENT,KIMSHEALTH Trivandrum
Dr. Samah  Malek,Specialist,Obstetrics & Gynecology,KIMSHEALTH Hospital Oman
Dr. Sangeetha  Cherian,Sr. Consultant Neurologi…,Neurology,KIMSHEALTH Al-Shifa
Dr. Sanjay  Naidu,Consultant,Endocrinology,KIMSHEALTH Hospital Umm Al Hassam
Dr. Sanjeev  Bhaskar,Senior Consultant,Orthopedics & Trauma,KIMSHEALTH Kollam
Dr. Sanooja  Pinki,Senior Registrar & Coord…,Transfusion Medicine / Blood centre,KIMSHEALTH Trivandrum
Dr. Sanoop K Zachariah,Senior Consultant,Neuro Interventional Radiology,KIMSHEALTH Trivandrum
Dr. Sanoop K Zachariah,Senior Consultant and Pr…,General & Minimally Invasive Surgery,KIMSHEALTH  Trivandrum
Dr. Santhi Mullan Antony,Consultant,Obstetrics & Gynecology,KIMSHEALTH Hospital Umm Al Hassam
Dr. Santhosh  Joseph,Senior Consultant & Clin…,Neuro Interventional Radiology,KIMSHEALTH Trivandrum
Dr. Santhosh B P,Specialist,Dentistry,KIMSHEALTH Medical Center Umm Al Hassam
Dr. Santhosh  Kumar,CONSULTANT RADIOLOGIST,Imaging & Interventional Radiology,KIMSHEALTH Al-Shifa
Dr. Santosh Kumar Balagopal,Sr. Consultant in Neurol…,Neurology,KIMSHEALTH Hospital Oman
Dr Sanu  Tom,Specialist,Dentistry,KIMSHEALTH Medical Center Dubai
Dr. Sanuja Titus Santosh,Senior Consultant,Pediatrics,KIMSHEALTH Trivandrum
Dr. Sara Ibrahim Mohamedtaha Mustafa,General Practitioner,Emergency,KIMSHEALTH Hospital Oman
Dr. Sarah Ali Shaker,Consultant,Obstetrics & Gynecology,RBH Medical Center
Dr. Sarah Ali Shaker,Consultant,Obstetrics and Gynecology,Royal Bahrain Hospital
Dr. Sarath Chandran C,Specialist,Radiodiagnosis & Imaging service,KIMSHEALTH Kollam
Dr. Sarath  Ravi,Consultant- Vitreo Retin…,Ophthalmology,KIMSHEALTH Trivandrum
Dr. Saravanan Thangam Shanmugasundram,Specialist,Radiology,KIMSHEALTH Hospital Oman
Dr. Saravanan  R,Visiting Consultant - Ur…,Urology,KIMSHEALTH Kottayam
Dr. Sarita  Thomas,Specialist- Paediatrics,Pediatrics,KIMSHEALTH Kottayam
Dr. Sasidharan  K,Hon. Sr. Consultant,Urology,KIMSHEALTH Trivandrum
Dr. Satish  B,Consultant,Nephrology,KIMSHEALTH Trivandrum
Dr. Saumya  Cs,ENT Surgeon,ENT,KIMSHEALTH Al-Shifa
Dr. Seham Ameen Alasbahi,General Dentist,Dentistry,KIMSHEALTH Medical Center Jarir
Dr. Shabeerali T U,Chief Coordinator & Seni…,"Hepatobiliary, Pancreatic & Liver Transplant Surgery",KIMSHEALTH Trivandrum
Dr. Shabin K Sidhique,Specialist,Oncology,KIMSHEALTH Kollam
Dr. Shabin K Sidhique,Senior Registrar,Radiation Oncology,KIMSHEALTH Cancer Center
Dr. Shabir  Ali,Consultant Orthoapaedic …,Orthopedics & Trauma,KIMSHEALTH Al-Shifa
Dr. Shabnam  U,Oral Pathologist,"Dental, Clinical, Oral & Maxillofacial Surgery",KIMSHEALTH Trivandrum
Dr Shabnam S Salam,Senior resident – Critic…,Critical Care,KIMSHEALTH Kottayam
Dr. Shafeeq  T,Dental Surgeon,"Dental, Clinical, Oral & Maxillofacial Surgery",KIMSHEALTH Al-Shifa
Dr. Shafy Ali Khan,ConsultantSenior Consult…,General & Minimally Invasive Surgery,KIMSHEALTH Trivandrum
Dr. Shahida  Kuttipurath,Dental Surgeon,Dental,KIMSHEALTH Medical Complex Duqm
Dr. Shahina  P H,Pathologist,Pathology,KIMSHEALTH Al-Shifa
Dr Shahira Gamal Zaki,Consultant,Obstetrics & Gynecology,KIMSHEALTH Hospital Oman
Dr. Shahul Hameed,HOD Emergency Medicine,Emergency Medicine,KIMSHEALTH Hospital Al-Shifa
Dr. Shaineer  Kenny,Specialist,Family Medicine,KIMSHEALTH Hospital Umm Al Hassam
Dr. Shaji  Palangadan,Senior Consultant and Co…,Cardiothoracic Surgery,KIMSHEALTH Trivandrum
Dr. Shaji K Thomas,Senior Consultant,Neonatology,KIMSHEALTH Kottayam
Dr. Shaji K Thomas,Sr. Consultant,Pediatrics,KIMSHEALTH Kottayam
Dr. Shaji Mohamed Haneefa,Senior Consultant,Internal Medicine,KIMSHEALTH Trivandrum
Dr. Shajil  Enara,Specialist-Orthodontics,Orthodontist,KIMSHEALTH Medical Center Qatar (Wakra)
Dr Shalaka Prakash K,Specialist,Obstetrics & Gynecology,KIMSHEALTH Hospital Oman
Dr. Shali S Nair,Registrar,Pain and Palliative medicine,KIMSHEALTH Cancer Center
Dr. Shali S Nair,Registrar,Cancer Care,KIMSHEALTH Trivandrum
Dr. Shameem K U,Consultant & Group Clini…,Emergency Medicine Department,KIMSHEALTH Trivandrum
Dr. Shamna  Vk,Specialist,Psychology,KIMSHEALTH Alshifa
Dr Shamnad B L,Senior Physiotherapist,Physical Medicine & Rehabilitation,KIMSHEALTH Kollam
Dr. Shamsheer  M A,HOD & Sr. Consultant ENT…,"Ears, Nose & Throat (ENT)",KIMSHEALTH Hospital Al-Shifa
Dr. Shamsher  Singh,Specialist,Orthopedics,KIMSHEALTH Medical Center Qatar (Wakra)
Dr. Shankar Ram Hs,Specialist,Urology,KIMSHEALTH Alshifa
Dr. Sharif Abdulsalam Hamza Khashaba,Consultant,Vascular Surgery,Royal Bahrain Hospital
Dr. Sharon Victoria Mendez,Specialist,Neurosurgery,KIMSHEALTH Kollam
Dr. Sharon Victoria Mendez,Specialist,Neonatology,KIMSHEALTH Kollam
Dr. Shashiraj  Eswarappa,Consultant- Internal Med…,Internal Medicine,KIMSHEALTH Hospital Oman
Dr Sheeja  M,Consultant,Pediatric & Adolescent Endocrinology,KIMSHEALTH Kollam
Ms. Sheeja Kaithayil Bahuleyan,Sensory Integration Ther…,Holistic Child Development Center,KIMSHEALTH Trivandrum
Dr. Sheeja Beegum Habeeb,Gynaecologist,Fertility & Gynaecology,KIMSHEALTH Hospital Al-Shifa
Dr. Sheeja Consultant Madhavan,Consultant,Pediatric & Adolescent Endocrinology,KIMSHEALTH Trivandrum
Dr. Shekhar S,Maxillofacial Surgeon,"Dental, Clinical, Oral & Maxillofacial Surgery",KIMSHEALTH Trivandrum
Dr. Shereen Abdelhady Nouh Mahmoud Hashim,Specialist,Radiology,KIMSHEALTH Hospital Oman
Dr. Sheriff M. Sahadulla,Consultant,Internal Medicine,Royal Bahrain Hospital
Dr. Sherin  Nazeer,Consultant,Imaging & Interventional Radiology,KIMSHEALTH Trivandrum
Dr. Sherly  John,Consultant,Anesthesiology,KIMSHEALTH Trivandrum
Dr Shibu  George,Specialist,Dentistry,KIMSHEALTH Medical Center Dubai
Dr. Shihab  Nakkolakkal,Specialist,Internal Medicine,KIMSHEALTH Hospital Umm Al Hassam
Dr. Shijinamol  B,Medical Officer,Emergency Medicine Department,KIMSHEALTH Kottayam
Dr. Shiju K S,Pediatric Surgeon,Pediatrics,KIMSHEALTH Al-Shifa
Dr. Shina  Jamaludheenkunju,Consultant,Anesthesiology,Royal Bahrain Hospital
Dr. Shinihas  Vp,Specialist,Neuro Surgery,KIMSHEALTH Alshifa
Dr. Shiraz Ahmad Rather,Consultant,"Hepatobiliary, Pancreatic & Liver Transplant Surgery",KIMSHEALTH Trivandrum
Dr. Shiraz Ahmad Rather,Head Consultant & Head o…,Gastrointestinal Surgery,KIMSHEALTH Trivandrum
Dr. Shoba Justus Victoria,Associate,OBG/Gynecology,KIMSHEALTH Medical Center Barwa
Dr. Sholapur Zaheer Ahmed,Specialist,Cardiology,KIMSHEALTH Hospital Oman
Dr. Sibasis  Bisoi,Specialist,General Surgery,KIMSHEALTH Hospital Oman
Dr. Simi M Ismail,Consultant,Imaging & Interventional Radiology,KIMSHEALTH Trivandrum
Dr Sithara  M S,Radio Diagnosis,Radiology,KIMSHEALTH Alshifa
Dr. Siti  Saleha,Consultant,Obstetrics and Gynecology,Royal Bahrain Hospital
Dr. Sivadas  Arun,Periodontist,"Dental, Clinical, Oral & Maxillofacial Surgery",KIMSHEALTH Trivandrum
Dr. Smitha  Tharakan,Dental Surgeon,Dental,KIMSHEALTH Hospital Oman
Dr. Smitha  Sam,Specialist,Endodontist,KIMSHEALTH Medical Center Muharraq
Dr Smitha Sarah Manoj,Specialist,"Dental, Clinical, Oral & Maxillofacial Surgery",KIMSHEALTH Kollam
Dr. Smruti  Dehedkar,Specialist -Dental Surge…,Dental,KIMSHEALTH Hospital Oman
Dr. Sneha Ann Abraham,Consultant,Fertility Clinic,KIMSHEALTH Trivandrum
Dr. Sneha Ann Abraham,Infertility Specialist,Fertility Clinic,KIMSHEALTH Kollam
Ms. Sneha A Manuel,Psychologist/ Remedial E…,Holistic Child Development Center,KIMSHEALTH Trivandrum
Dr Sobha Sara Mathew,Hon. Consultant,Neurosurgery,KIMSHEALTH Trivandrum
Dr. Sobhana Devi R.,Sr. Consultant,Gastroenterology,KIMSHEALTH Kottayam
Dr. Sonymol  A,Registrar,Radiodiagnosis & Imaging service,KIMSHEALTH Kollam
Dr. Sooraj  Thottathi,Specialist- General Surg…,General Surgery,KIMSHEALTH Medical Center Qatar (Wakra)
Dr Sooraj,Specialist,"Dental, Clinical, Oral & Maxillofacial Surgery",KIMSHEALTH Kollam
Dr. Sooraj  S,Senior Maxillofacial Sur…,"Dental, Clinical, Oral & Maxillofacial Surgery",KIMSHEALTH Trivandrum
Dr. Sowmya  Srinivas,Specialist,Pediatric,KIMSHEALTH Hospital Oman
Dr. Sreedevi  S,Gynecologist,Obstetrics & Gynecology,KIMSHEALTH Kollam
Dr. Sreejith M D,Associate Consultant,Neurosurgery,KIMSHEALTH Trivandrum
Dr. Sreejith  K R,Senior Pediatric Dentist,"Dental, Clinical, Oral & Maxillofacial Surgery",KIMSHEALTH Trivandrum
Dr. Sreekala  Padmanabhan,Senior Consultant,Cardiology,KIMSHEALTH Kollam
Dr. Sreekumar  Sivasankaran,Specialist,Pediatrics,KIMSHEALTH Hospital Oman
Dr. Sridhar  Suresh,Specialist,General Surgery,AL RASHIDIYAH PVT POLYCLINIC
Dr. Srinivas  Bapu,Specialist,"Ear, Nose and Throat",KIMSHEALTH Hospital Oman
Dr. Srinivasababu  Subramanian,Specialist,Pediatrics,RBH Medical Center
Dr. Srinivasababu  Subramanian,Specialist,Pediatrics,Royal Bahrain Hospital
Dr. Stephen  Angamuthu,Consultant,General Surgery,Royal Bahrain Hospital
Dr. Stephen  Angamuthu,Consultant,General Surgery,KIMSHEALTH Hospital Oman
Dr. Subhalal  M S,Hon. Sr. Consultant,Gastrointestinal Surgery,KIMSHEALTH Trivandrum
Dr. Subin.  K,Consultant,Dermatology & Cosmetology,KIMSHEALTH Kottayam
Dr. Sudhir  Pillai,Specialist ENT,ENT,AL RASHIDIYAH PVT POLYCLINIC
Dr. Sudin  S R,Consultant,Urology,KIMSHEALTH Trivandrum
Dr. Sudin S R,Consultant,Urology,KIMSHEALTH Kollam
Dr. Sufina N Sulfi,Psychologist / Remedial …,Holistic Child Development Center,KIMSHEALTH Trivandrum
Dr. Suhail  Abdulgafoor,Specialist,Orthopedics,Royal Bahrain Hospital
Dr. Suhail  Abdulgafoor,Specialist,Orthopedics,RBH Medical Center
Dr. Sujith Varghese Abraham,Senior Registrar,Respiratory Medicine,KIMSHEALTH Trivandrum
Dr. Sujith Mathew John,Consultant,Pediatrics,KIMSHEALTH Kollam
Dr. Sujith  Chandran,Consultant,Internal Medicine,KIMSHEALTH Kottayam
Dr. Sukanya  M K,Consultant Neonatologist,Neonatology,KIMSHEALTH Alshifa
Dr. Sulaiman Al Maamari,Consultant,General Surgery,KIMSHEALTH Hospital Oman
Dr. Sumaira Aziz,Specialist,Obstetrics & Gynecology,KIMSHEALTH Medical Center
Dr. Suman O S,General Surgeon,General & Laparoscopic Surgery,KIMSHEALTH Kollam
Dr. Sumathi  Thiruvavinan,Specialist,General Dentistry,AL RASHIDIYAH PVT POLYCLINIC
Dr. Sumit  Larokar,Specialist,Pediatric Neonatology,KIMSHEALTH Hospital Oman
Dr. Sundus  Aziz,Specialist,Radiology,KIMSHEALTH Medical Center
Dr. Sunil  Rao,Specialist,Internal Medicine,RBH Medical Center
Dr. Suprakashan  Sukumaran,Specialist,Dermatology & Cosmetology,KIMSHEALTH Medical Center Qatar (Wakra)
Ms. Supriya G R,Remedial Educator,Holistic Child Development Center,KIMSHEALTH Trivandrum
Dr. Surej Kumar L K,Senior Maxillofacial Sur…,"Dental, Clinical, Oral & Maxillofacial Surgery",KIMSHEALTH Trivandrum
Dr. Suresh Chandran  C J,Coordinator & Senior Con…,Neurology,KIMSHEALTH Trivandrum
Dr. Suryanath,Cardiologist,Cardiology,KIMSHEALTH Al-Shifa
Dr. Susha  John,Consultant,Psychiatry & Behavioral Medicine,KIMSHEALTH Trivandrum
Dr Sushant  B,Hon.Consultant,Neurosurgery,KIMSHEALTH Trivandrum
Dr. Susheela B Nair,Hon. Sr. Consultant,Ophthalmology,KIMSHEALTH Trivandrum
Dr. Suvy  Manuel,Oral & Maxillofacial Sur…,"Dental, Clinical, Oral & Maxillofacial Surgery",KIMSHEALTH Trivandrum
Dr. Suzan  Abdulhak,Specialist,Internal Medicine,Royal Bahrain Hospital
Dr. Suzanne  Abbas,Consultant,Radiology,Royal Bahrain Hospital
Dr. Swapna Sasidharan,Consultant Anesthesia,Cardiothoracic Surgery,KIMSHEALTH Trivandrum
Dr. Syam K Ramesh,Hon. Senior Consultant,Urology,KIMSHEALTH Trivandrum
Dr. Syamala Devi  P K,Hon. Sr. Consultant,Obstetrics & Gynecology,KIMSHEALTH Trivandrum
Dr. Syamlal  S,Senior Consultant,Neurology,KIMSHEALTH Trivandrum
Dr. Syed  Moinullah,Specialist,Imaging & Interventional Radiology,KIMSHEALTH Alshifa
Dr. Syed Sajjad Husain,Specialist,Internal Medicine,KIMSHEALTH Medical Center
Dr Syed  Shah,Specialist,General Medicine,KIMSHEALTH Medical Center Dubai
Dr. Syed Nawaz Afzal,Interventional Cardiolog…,Cardiology,KIMSHEALTH Al-Shifa
Dr. Tanya  Aysha,Anaesthesiologist,Anesthesiology,KIMSHEALTH Alshifa
Dr. Tasleem Quddus Khan,Specialist,Obstetrics & Gynecology,KIMSHEALTH Medical Center Al Khuwair
Dr. Thanzil  Hassan,ER Physician,Emergency Medicine Department,KIMSHEALTH Kollam
Dr. Thasleema  Nazer,Medical Officer,Emergency Medicine Department,KIMSHEALTH Kottayam
Dr. Thasneem Taj E,Gastroenterologist,Gastroenterology,KIMSHEALTH Al-Shifa
Dr. Thomas  Varghese,Consultant Orthopaedic S…,Orthopedics & Trauma,KIMSHEALTH Al-Shifa
Dr. Thoufiq  Ali,Specialist,Imaging & Interventional Radiology,KIMSHEALTH Alshifa
Dr. Thushanth  Thomas,Chief Coordinator & Cons…,Endocrinology & Diabetes,KIMSHEALTH Trivandrum
Dr. Thushara K R,Jr. Con Hand & Microvasc…,"Plastic, Reconstructive, Microvascular Surgery",KIMSHEALTH Al-Shifa
Dr. Tilal Gaffar Taha Osman,General Practitioner,General Practitioner,KIMSHEALTH Medical Complex Duqm
Dr. Tomichan M C,Senior Consultant,Orthopedics & Trauma,KIMSHEALTH Kottayam
Dr. Tony  Augustine,Specialist,Gynaec Oncosurgeon,KIMSHEALTH Alshifa
Dr. Urli  Avellanosa,Specialist,Obstetrics & Gynecology,KIMSHEALTH Hospital Umm Al Hassam
Dr. Ummar  M,Sr. Consultant- Maxillof…,"Dental, Clinical, Oral & Maxillofacial Surgery",KIMSHEALTH Al-Shifa
Dr. V K Anand,consultant,ENT,KIMSHEALTH Kollam
Dr. Venkatesh  Mushini,Specialist,Medical Oncology Hemato Oncology,Royal Bahrain Hospital
Dr Vaisakh  Shajikumar,Consultant,General Medicine,KIMSHEALTH Medical Center Dubai
Dr. Valsamma  Chacko,Hon. Sr. Consultant,Obstetrics & Gynecology,KIMSHEALTH Trivandrum
Dr. Varghese  Yeldho,Associate consultant,Gastrointestinal Surgery,KIMSHEALTH Trivandrum
Dr. Varghese  Yeldho,Association consultant –…,"Hepatobiliary, Pancreatic & Liver Transplant Surgery",KIMSHEALTH Trivandrum
Dr. Varun  Swaminathan,Specialist,Internal Medicine,KIMSHEALTH Kollam
Dr. Vidad  Galzie,General Practitioner,General Medicine,KIMSHEALTH Medical Center
Dr. Vidhyavathi  Vairamohan,Specialist  in Laborator…,Laboratory Services,KIMSHEALTH Medical Center Qatar (Wakra)
Dr. Vidyalekshmy  R,Senior Consultant & Coor…,High Risk Pregnancy & Fetal Medicine,KIMSHEALTH Trivandrum
Dr. Vijaya Lakshmi Vedantam,General Practitioner,Emergency,KIMSHEALTH Hospital Oman
Dr. Vijayakumar,Visiting Consultant,"Plastic, Reconstructive, Microvascular Surgery",KIMSHEALTH Trivandrum
Dr. Vijayakumar  B,Senior Consultant,Pediatrics,KIMSHEALTH Trivandrum
Dr. Vijayalekshmi  N,Prof. and Hon. Senior Co…,Internal Medicine,KIMSHEALTH Trivandrum
Dr. Vijayan K N,Coordinator & Professor …,General & Minimally Invasive Surgery,KIMSHEALTH Trivandrum
Dr. Vijayanath  R,,ENT & Laryngology,KIMSHEALTH Kollam
Dt. Vijilatha,Sr. Dietician,Clinical Nutrition,KIMSHEALTH Trivandrum
Dr. Vinay K Kumar,Specialist,Radiology,KIMSHEALTH Hospital Umm Al Hassam
Dr. Vinayak  Padmakumar,Pediatric Dentist,"Dental, Clinical, Oral & Maxillofacial Surgery",KIMSHEALTH Trivandrum
Dr. Vinayak  M,Associate Consultant,Nephrology,KIMSHEALTH Trivandrum
Dr. Vineetha G Gopal,Consultant,Pain Medicine,KIMSHEALTH Trivandrum
Dr. Vinitha Mary Joy,Clinical Microbiologist,Microbiology,KIMSHEALTH Alshifa
Dr. Vinod  Krishnan,Paediatric Orthopaedics …,Orthopedics & Trauma,KIMSHEALTH Trivandrum
Dr. Vinod  Krishnan,Consultant,Orthopedics & Trauma,KIMSHEALTH Kollam
Dr. Vinod Kumar Kesavan,Senior Consultant,Respiratory Medicine,KIMSHEALTH Trivandrum
Dr. Vinod  Felix,Consultant,ENT,KIMSHEALTH Trivandrum
Dr. Vinod  Chandran,General Practitioner,General Medicine,Royal Bahrain Hospital
Dr. Vinoo  Balakrishnan,Senior Consultant,Obstetrics & Gynecology,KIMSHEALTH Trivandrum
Dr Vinoth Kumar D,Interventional Cardiolog…,Neuro Surgery,KIMSHEALTH Alshifa
Dr. Vipin  Kalathil,Paediati,Pediatrics,KIMSHEALTH Alshifa
Dr. Vipin Balakrishnan Nair,Associate Consultant,Cardiothoracic Surgery,KIMSHEALTH Trivandrum
Dr. Vishesh Jain,Specialist,Radiology,Royal Bahrain Hospital
Dr. Vishesh Jain,Specialist,Pulmonology,Royal Bahrain Hospital
Dr. Vishnu B S,Registrar and Academic c…,Family Medicine,KIMSHEALTH Trivandrum
Dr. Vishnu R Krishnan,Specialist,General & Laparoscopic Surgery,KIMSHEALTH Kollam
Dr. Vivek  Muthukumarasamy,Specialist,Cardiology,KIMSHEALTH Hospital Oman
Dr. Vysakh V Kumar,Pulmonologist,Respiratory Medicine,KIMSHEALTH Kottayam
Dr. Wael Nabil,Specialist,Internal Medicine,KIMSHEALTH Medical Center Jarir
Dr. Waleed  Sultan,Specialist,Cardiology,Royal Bahrain Hospital
Dr. Waleed  Sultan,Specialist,Cardiology,RBH Medical Center
Dr. Walid  Fayad,Specialist,Gastroenterology,KIMSHEALTH Hospital Oman
Dr. Walid  Fayad,Specialist,Gastroenterology,KIMSHEALTH Hospital Oman
Dr. Walid  Fayad,Specialist,Gastroenterology,KIMSHEALTH Medical Center Al Khuwair
Dr Warda  Hasan,Consultant,Family Medicine,Royal Bahrain Hospital
Dr. Warda  Hasan,Consultant,Family Medicine,RBH Medical Center
Dr. Wiam  Hussein,Consultant,Endocrinology and Diabetes,RBH Medical Center
Dr. Wiam  Hussein,Consultant,Endocrinology and Diabetes,Royal Bahrain Hospital
Dr. Wilson A P,Consultant,Internal Medicine,KIMSHEALTH Trivandrum
Dr. Yathish Kumar Gm,Consultant inOrthopaedics,Orthopaedics,KIMSHEALTH Al-Shifa
Dr. Yodhraj  Sarmal,Specialist Radiologist,Radiology,KIMSHEALTH Medical Center Qatar (Wakra)
Dr. Yogesh  Agarwal,Specialist Orthopedic Su…,Orthopedics,AL RASHIDIYAH PVT POLYCLINIC
Dr. Youssef Ayad Hanna,Senior Specialist,Internal Medicine,KIMSHEALTH Hospital Oman
Dr. Youssef  Alhadad,Consultant,Critical Care,Royal Bahrain Hospital
Dr. Zaina  Rahmath,General Practitioner,General Medicine,KIMSHEALTH Medical Center Jarir
Dr. Zainab  Almohsen,Consultant,Family Medicine,Royal Bahrain Hospital
Dr. Zainab  Almohsen,Consultant,Family Medicine,RBH Medical Center
Dr. Zaki Ahmed Fazal Ahmed,Specialist,Pediatrics,KIMSHEALTH Medical Center
Dr. Zakia Mohammed Ali,Specialist,Pediatrics,KIMSHEALTH Medical Center Jarir
Dr. Zaynah  Zainuddin,Associate Consultant,Cardiothoracic Surgery,KIMSHEALTH Trivandrum
Dr. Zaynah  Zainuddin,Associate Consultant,Cardiology,KIMSHEALTH Trivandrum
Dr. Zephrine Jacob Vazhappilly,General Practitioner,General Medicine,KIMSHEALTH Medical Center
Dr Ziaullah  Khan,Specialist,General Medicine,KIMSHEALTH Medical Center Dubai
Dr. Zinab  K,GP,General Medicine,KIMSHEALTH Medical Center Barwa
Dr. Zuhara  P M,Director - Emergency Med…,Family Medicine,KIMSHEALTH Trivandrum
Prof. Dr. Zulfikar Ahamed,Senior Consultant,Pediatric Cardiology,KIMSHEALTH Trivandrum
Prof. Dr. Zulfikar Ahamed,Senior Consultant Paedia…,Cardiology,KIMSHEALTH Trivandrum
Dr. Zunimol  P K M,Senior Consultant,Imaging & Interventional Radiology,KIMSHEALTH Trivandrum
Dr.  Prasad Nair,Senior Consultant,Nephrology,KIMSHEALTH Trivandrum
